slug,sku,nome,descricao,ativo,buscavel,produto_digital,marca,categorias,colecoes,filtros,selos,categoria_google,variacoes,preco_venda,preco_custo,preco_promocional,codigo_de_barras,codigo_erp_sku,estoques,estoque_gerenciado,disponivel_para_venda,dias_de_disponibilidade,dias_de_disponibilidade_se_zerar_o_estoque,peso_em_kg,altura_em_cm,largura_em_cm,comprimento_em_cm,codigo_erp_produto,ncm,meses_de_garantia,frete_customizado,valor_do_frete,especificacoes,medidas,video,imagens_diferentes_por_sku,link_fotos_sku,seo_titulo_pagina,seo_descricao,seo_palavras_chave,link_canonico,termos_de_busca
calca-alfaiataria-capri,ALF-CAPRI-AZULMARINHO-38,Calça de Alfaiataria Capri com Ajuste Lateral,"<p>Elegância e versatilidade numa peça que acompanha você em qualquer ocasião.</p><p>A Calça de Alfaiataria Capri tem <strong>caimento impecável</strong> e <strong>ajuste lateral</strong> na cintura, em azul-marinho. Combina com camisa, polo ou suéter.</p><p><strong>Destaques</strong></p><ul><li><strong>Ajuste lateral</strong> na cintura, para acertar o caimento</li><li><strong>98% algodão e 2% elastano</strong>: macia, resistente e com elasticidade</li><li><strong>Corte que valoriza a silhueta</strong>, confortável o dia inteiro</li><li><strong>Design atemporal</strong>, do casual ao arrumado</li></ul><p><strong>Quando usar:</strong> Para o trabalho, jantares, eventos e o dia a dia com um toque mais elegante.</p><p><strong>Cores disponíveis:</strong> azul-marinho.</p><p><strong>Ficha técnica</strong><br>Tecido: 98% algodão e 2% elastano<br>Ajuste: Lateral, na cintura<br>Tamanhos: 38 a 52<br>Modelo das fotos: Veste 40 · 1,76 m · 79 kg</p>",sim,sim,nao,Asa Delta Store,Roupas>Alfaiataria>Calças,,,,,Cor:Azul-marinho;Tamanho:38,,,,,,,nao,sim,,,,,,,,,,nao,,,,,sim,https://raw.githubusercontent.com/BielPB/vaide13ou22/main/yampi/fotos/ALF-CAPRI-AZULMARINHO.jpg,Calça de Alfaiataria Capri com Ajuste Lateral | Asa Delta Store,"Calça de Alfaiataria Capri com Ajuste Lateral. Cores: azul-marinho. Tamanhos: 38, 40, 42, 44, 46, 48, 50, 52.",,,
calca-alfaiataria-capri,ALF-CAPRI-AZULMARINHO-40,Calça de Alfaiataria Capri com Ajuste Lateral,"<p>Elegância e versatilidade numa peça que acompanha você em qualquer ocasião.</p><p>A Calça de Alfaiataria Capri tem <strong>caimento impecável</strong> e <strong>ajuste lateral</strong> na cintura, em azul-marinho. Combina com camisa, polo ou suéter.</p><p><strong>Destaques</strong></p><ul><li><strong>Ajuste lateral</strong> na cintura, para acertar o caimento</li><li><strong>98% algodão e 2% elastano</strong>: macia, resistente e com elasticidade</li><li><strong>Corte que valoriza a silhueta</strong>, confortável o dia inteiro</li><li><strong>Design atemporal</strong>, do casual ao arrumado</li></ul><p><strong>Quando usar:</strong> Para o trabalho, jantares, eventos e o dia a dia com um toque mais elegante.</p><p><strong>Cores disponíveis:</strong> azul-marinho.</p><p><strong>Ficha técnica</strong><br>Tecido: 98% algodão e 2% elastano<br>Ajuste: Lateral, na cintura<br>Tamanhos: 38 a 52<br>Modelo das fotos: Veste 40 · 1,76 m · 79 kg</p>",sim,sim,nao,Asa Delta Store,Roupas>Alfaiataria>Calças,,,,,Cor:Azul-marinho;Tamanho:40,,,,,,,nao,sim,,,,,,,,,,nao,,,,,sim,https://raw.githubusercontent.com/BielPB/vaide13ou22/main/yampi/fotos/ALF-CAPRI-AZULMARINHO.jpg,Calça de Alfaiataria Capri com Ajuste Lateral | Asa Delta Store,"Calça de Alfaiataria Capri com Ajuste Lateral. Cores: azul-marinho. Tamanhos: 38, 40, 42, 44, 46, 48, 50, 52.",,,
calca-alfaiataria-capri,ALF-CAPRI-AZULMARINHO-42,Calça de Alfaiataria Capri com Ajuste Lateral,"<p>Elegância e versatilidade numa peça que acompanha você em qualquer ocasião.</p><p>A Calça de Alfaiataria Capri tem <strong>caimento impecável</strong> e <strong>ajuste lateral</strong> na cintura, em azul-marinho. Combina com camisa, polo ou suéter.</p><p><strong>Destaques</strong></p><ul><li><strong>Ajuste lateral</strong> na cintura, para acertar o caimento</li><li><strong>98% algodão e 2% elastano</strong>: macia, resistente e com elasticidade</li><li><strong>Corte que valoriza a silhueta</strong>, confortável o dia inteiro</li><li><strong>Design atemporal</strong>, do casual ao arrumado</li></ul><p><strong>Quando usar:</strong> Para o trabalho, jantares, eventos e o dia a dia com um toque mais elegante.</p><p><strong>Cores disponíveis:</strong> azul-marinho.</p><p><strong>Ficha técnica</strong><br>Tecido: 98% algodão e 2% elastano<br>Ajuste: Lateral, na cintura<br>Tamanhos: 38 a 52<br>Modelo das fotos: Veste 40 · 1,76 m · 79 kg</p>",sim,sim,nao,Asa Delta Store,Roupas>Alfaiataria>Calças,,,,,Cor:Azul-marinho;Tamanho:42,,,,,,,nao,sim,,,,,,,,,,nao,,,,,sim,https://raw.githubusercontent.com/BielPB/vaide13ou22/main/yampi/fotos/ALF-CAPRI-AZULMARINHO.jpg,Calça de Alfaiataria Capri com Ajuste Lateral | Asa Delta Store,"Calça de Alfaiataria Capri com Ajuste Lateral. Cores: azul-marinho. Tamanhos: 38, 40, 42, 44, 46, 48, 50, 52.",,,
calca-alfaiataria-capri,ALF-CAPRI-AZULMARINHO-44,Calça de Alfaiataria Capri com Ajuste Lateral,"<p>Elegância e versatilidade numa peça que acompanha você em qualquer ocasião.</p><p>A Calça de Alfaiataria Capri tem <strong>caimento impecável</strong> e <strong>ajuste lateral</strong> na cintura, em azul-marinho. Combina com camisa, polo ou suéter.</p><p><strong>Destaques</strong></p><ul><li><strong>Ajuste lateral</strong> na cintura, para acertar o caimento</li><li><strong>98% algodão e 2% elastano</strong>: macia, resistente e com elasticidade</li><li><strong>Corte que valoriza a silhueta</strong>, confortável o dia inteiro</li><li><strong>Design atemporal</strong>, do casual ao arrumado</li></ul><p><strong>Quando usar:</strong> Para o trabalho, jantares, eventos e o dia a dia com um toque mais elegante.</p><p><strong>Cores disponíveis:</strong> azul-marinho.</p><p><strong>Ficha técnica</strong><br>Tecido: 98% algodão e 2% elastano<br>Ajuste: Lateral, na cintura<br>Tamanhos: 38 a 52<br>Modelo das fotos: Veste 40 · 1,76 m · 79 kg</p>",sim,sim,nao,Asa Delta Store,Roupas>Alfaiataria>Calças,,,,,Cor:Azul-marinho;Tamanho:44,,,,,,,nao,sim,,,,,,,,,,nao,,,,,sim,https://raw.githubusercontent.com/BielPB/vaide13ou22/main/yampi/fotos/ALF-CAPRI-AZULMARINHO.jpg,Calça de Alfaiataria Capri com Ajuste Lateral | Asa Delta Store,"Calça de Alfaiataria Capri com Ajuste Lateral. Cores: azul-marinho. Tamanhos: 38, 40, 42, 44, 46, 48, 50, 52.",,,
calca-alfaiataria-capri,ALF-CAPRI-AZULMARINHO-46,Calça de Alfaiataria Capri com Ajuste Lateral,"<p>Elegância e versatilidade numa peça que acompanha você em qualquer ocasião.</p><p>A Calça de Alfaiataria Capri tem <strong>caimento impecável</strong> e <strong>ajuste lateral</strong> na cintura, em azul-marinho. Combina com camisa, polo ou suéter.</p><p><strong>Destaques</strong></p><ul><li><strong>Ajuste lateral</strong> na cintura, para acertar o caimento</li><li><strong>98% algodão e 2% elastano</strong>: macia, resistente e com elasticidade</li><li><strong>Corte que valoriza a silhueta</strong>, confortável o dia inteiro</li><li><strong>Design atemporal</strong>, do casual ao arrumado</li></ul><p><strong>Quando usar:</strong> Para o trabalho, jantares, eventos e o dia a dia com um toque mais elegante.</p><p><strong>Cores disponíveis:</strong> azul-marinho.</p><p><strong>Ficha técnica</strong><br>Tecido: 98% algodão e 2% elastano<br>Ajuste: Lateral, na cintura<br>Tamanhos: 38 a 52<br>Modelo das fotos: Veste 40 · 1,76 m · 79 kg</p>",sim,sim,nao,Asa Delta Store,Roupas>Alfaiataria>Calças,,,,,Cor:Azul-marinho;Tamanho:46,,,,,,,nao,sim,,,,,,,,,,nao,,,,,sim,https://raw.githubusercontent.com/BielPB/vaide13ou22/main/yampi/fotos/ALF-CAPRI-AZULMARINHO.jpg,Calça de Alfaiataria Capri com Ajuste Lateral | Asa Delta Store,"Calça de Alfaiataria Capri com Ajuste Lateral. Cores: azul-marinho. Tamanhos: 38, 40, 42, 44, 46, 48, 50, 52.",,,
calca-alfaiataria-capri,ALF-CAPRI-AZULMARINHO-48,Calça de Alfaiataria Capri com Ajuste Lateral,"<p>Elegância e versatilidade numa peça que acompanha você em qualquer ocasião.</p><p>A Calça de Alfaiataria Capri tem <strong>caimento impecável</strong> e <strong>ajuste lateral</strong> na cintura, em azul-marinho. Combina com camisa, polo ou suéter.</p><p><strong>Destaques</strong></p><ul><li><strong>Ajuste lateral</strong> na cintura, para acertar o caimento</li><li><strong>98% algodão e 2% elastano</strong>: macia, resistente e com elasticidade</li><li><strong>Corte que valoriza a silhueta</strong>, confortável o dia inteiro</li><li><strong>Design atemporal</strong>, do casual ao arrumado</li></ul><p><strong>Quando usar:</strong> Para o trabalho, jantares, eventos e o dia a dia com um toque mais elegante.</p><p><strong>Cores disponíveis:</strong> azul-marinho.</p><p><strong>Ficha técnica</strong><br>Tecido: 98% algodão e 2% elastano<br>Ajuste: Lateral, na cintura<br>Tamanhos: 38 a 52<br>Modelo das fotos: Veste 40 · 1,76 m · 79 kg</p>",sim,sim,nao,Asa Delta Store,Roupas>Alfaiataria>Calças,,,,,Cor:Azul-marinho;Tamanho:48,,,,,,,nao,sim,,,,,,,,,,nao,,,,,sim,https://raw.githubusercontent.com/BielPB/vaide13ou22/main/yampi/fotos/ALF-CAPRI-AZULMARINHO.jpg,Calça de Alfaiataria Capri com Ajuste Lateral | Asa Delta Store,"Calça de Alfaiataria Capri com Ajuste Lateral. Cores: azul-marinho. Tamanhos: 38, 40, 42, 44, 46, 48, 50, 52.",,,
calca-alfaiataria-capri,ALF-CAPRI-AZULMARINHO-50,Calça de Alfaiataria Capri com Ajuste Lateral,"<p>Elegância e versatilidade numa peça que acompanha você em qualquer ocasião.</p><p>A Calça de Alfaiataria Capri tem <strong>caimento impecável</strong> e <strong>ajuste lateral</strong> na cintura, em azul-marinho. Combina com camisa, polo ou suéter.</p><p><strong>Destaques</strong></p><ul><li><strong>Ajuste lateral</strong> na cintura, para acertar o caimento</li><li><strong>98% algodão e 2% elastano</strong>: macia, resistente e com elasticidade</li><li><strong>Corte que valoriza a silhueta</strong>, confortável o dia inteiro</li><li><strong>Design atemporal</strong>, do casual ao arrumado</li></ul><p><strong>Quando usar:</strong> Para o trabalho, jantares, eventos e o dia a dia com um toque mais elegante.</p><p><strong>Cores disponíveis:</strong> azul-marinho.</p><p><strong>Ficha técnica</strong><br>Tecido: 98% algodão e 2% elastano<br>Ajuste: Lateral, na cintura<br>Tamanhos: 38 a 52<br>Modelo das fotos: Veste 40 · 1,76 m · 79 kg</p>",sim,sim,nao,Asa Delta Store,Roupas>Alfaiataria>Calças,,,,,Cor:Azul-marinho;Tamanho:50,,,,,,,nao,sim,,,,,,,,,,nao,,,,,sim,https://raw.githubusercontent.com/BielPB/vaide13ou22/main/yampi/fotos/ALF-CAPRI-AZULMARINHO.jpg,Calça de Alfaiataria Capri com Ajuste Lateral | Asa Delta Store,"Calça de Alfaiataria Capri com Ajuste Lateral. Cores: azul-marinho. Tamanhos: 38, 40, 42, 44, 46, 48, 50, 52.",,,
calca-alfaiataria-capri,ALF-CAPRI-AZULMARINHO-52,Calça de Alfaiataria Capri com Ajuste Lateral,"<p>Elegância e versatilidade numa peça que acompanha você em qualquer ocasião.</p><p>A Calça de Alfaiataria Capri tem <strong>caimento impecável</strong> e <strong>ajuste lateral</strong> na cintura, em azul-marinho. Combina com camisa, polo ou suéter.</p><p><strong>Destaques</strong></p><ul><li><strong>Ajuste lateral</strong> na cintura, para acertar o caimento</li><li><strong>98% algodão e 2% elastano</strong>: macia, resistente e com elasticidade</li><li><strong>Corte que valoriza a silhueta</strong>, confortável o dia inteiro</li><li><strong>Design atemporal</strong>, do casual ao arrumado</li></ul><p><strong>Quando usar:</strong> Para o trabalho, jantares, eventos e o dia a dia com um toque mais elegante.</p><p><strong>Cores disponíveis:</strong> azul-marinho.</p><p><strong>Ficha técnica</strong><br>Tecido: 98% algodão e 2% elastano<br>Ajuste: Lateral, na cintura<br>Tamanhos: 38 a 52<br>Modelo das fotos: Veste 40 · 1,76 m · 79 kg</p>",sim,sim,nao,Asa Delta Store,Roupas>Alfaiataria>Calças,,,,,Cor:Azul-marinho;Tamanho:52,,,,,,,nao,sim,,,,,,,,,,nao,,,,,sim,https://raw.githubusercontent.com/BielPB/vaide13ou22/main/yampi/fotos/ALF-CAPRI-AZULMARINHO.jpg,Calça de Alfaiataria Capri com Ajuste Lateral | Asa Delta Store,"Calça de Alfaiataria Capri com Ajuste Lateral. Cores: azul-marinho. Tamanhos: 38, 40, 42, 44, 46, 48, 50, 52.",,,
calca-alfaiataria-santorini,ALF-SANTORINI-PRETO-38,Calça de Alfaiataria Santorini com Ajuste Lateral,"<p>Elegância e versatilidade numa peça que acompanha você em qualquer ocasião.</p><p>A Calça de Alfaiataria Santorini tem <strong>caimento impecável</strong> e <strong>ajuste lateral</strong> na cintura, em preto. A preta que vai do casual ao social.</p><p><strong>Destaques</strong></p><ul><li><strong>Ajuste lateral</strong> na cintura, para acertar o caimento</li><li><strong>98% algodão e 2% elastano</strong>: macia, resistente e com elasticidade</li><li><strong>Corte que valoriza a silhueta</strong>, confortável o dia inteiro</li><li><strong>Design atemporal</strong>, do casual ao arrumado</li></ul><p><strong>Quando usar:</strong> Para o trabalho, jantares, eventos e o dia a dia com um toque mais elegante.</p><p><strong>Cores disponíveis:</strong> preto.</p><p><strong>Ficha técnica</strong><br>Tecido: 98% algodão e 2% elastano<br>Ajuste: Lateral, na cintura<br>Tamanhos: 38 a 52<br>Modelo das fotos: Veste 40 · 1,76 m · 79 kg</p>",sim,sim,nao,Asa Delta Store,Roupas>Alfaiataria>Calças,,,,,Cor:Preto;Tamanho:38,,,,,,,nao,sim,,,,,,,,,,nao,,,,,sim,https://raw.githubusercontent.com/BielPB/vaide13ou22/main/yampi/fotos/ALF-SANTORINI-PRETO.jpg,Calça de Alfaiataria Santorini com Ajuste Lateral | Asa Delta Store,"Calça de Alfaiataria Santorini com Ajuste Lateral. Cores: preto. Tamanhos: 38, 40, 42, 44, 46, 48, 50, 52.",,,
calca-alfaiataria-santorini,ALF-SANTORINI-PRETO-40,Calça de Alfaiataria Santorini com Ajuste Lateral,"<p>Elegância e versatilidade numa peça que acompanha você em qualquer ocasião.</p><p>A Calça de Alfaiataria Santorini tem <strong>caimento impecável</strong> e <strong>ajuste lateral</strong> na cintura, em preto. A preta que vai do casual ao social.</p><p><strong>Destaques</strong></p><ul><li><strong>Ajuste lateral</strong> na cintura, para acertar o caimento</li><li><strong>98% algodão e 2% elastano</strong>: macia, resistente e com elasticidade</li><li><strong>Corte que valoriza a silhueta</strong>, confortável o dia inteiro</li><li><strong>Design atemporal</strong>, do casual ao arrumado</li></ul><p><strong>Quando usar:</strong> Para o trabalho, jantares, eventos e o dia a dia com um toque mais elegante.</p><p><strong>Cores disponíveis:</strong> preto.</p><p><strong>Ficha técnica</strong><br>Tecido: 98% algodão e 2% elastano<br>Ajuste: Lateral, na cintura<br>Tamanhos: 38 a 52<br>Modelo das fotos: Veste 40 · 1,76 m · 79 kg</p>",sim,sim,nao,Asa Delta Store,Roupas>Alfaiataria>Calças,,,,,Cor:Preto;Tamanho:40,,,,,,,nao,sim,,,,,,,,,,nao,,,,,sim,https://raw.githubusercontent.com/BielPB/vaide13ou22/main/yampi/fotos/ALF-SANTORINI-PRETO.jpg,Calça de Alfaiataria Santorini com Ajuste Lateral | Asa Delta Store,"Calça de Alfaiataria Santorini com Ajuste Lateral. Cores: preto. Tamanhos: 38, 40, 42, 44, 46, 48, 50, 52.",,,
calca-alfaiataria-santorini,ALF-SANTORINI-PRETO-42,Calça de Alfaiataria Santorini com Ajuste Lateral,"<p>Elegância e versatilidade numa peça que acompanha você em qualquer ocasião.</p><p>A Calça de Alfaiataria Santorini tem <strong>caimento impecável</strong> e <strong>ajuste lateral</strong> na cintura, em preto. A preta que vai do casual ao social.</p><p><strong>Destaques</strong></p><ul><li><strong>Ajuste lateral</strong> na cintura, para acertar o caimento</li><li><strong>98% algodão e 2% elastano</strong>: macia, resistente e com elasticidade</li><li><strong>Corte que valoriza a silhueta</strong>, confortável o dia inteiro</li><li><strong>Design atemporal</strong>, do casual ao arrumado</li></ul><p><strong>Quando usar:</strong> Para o trabalho, jantares, eventos e o dia a dia com um toque mais elegante.</p><p><strong>Cores disponíveis:</strong> preto.</p><p><strong>Ficha técnica</strong><br>Tecido: 98% algodão e 2% elastano<br>Ajuste: Lateral, na cintura<br>Tamanhos: 38 a 52<br>Modelo das fotos: Veste 40 · 1,76 m · 79 kg</p>",sim,sim,nao,Asa Delta Store,Roupas>Alfaiataria>Calças,,,,,Cor:Preto;Tamanho:42,,,,,,,nao,sim,,,,,,,,,,nao,,,,,sim,https://raw.githubusercontent.com/BielPB/vaide13ou22/main/yampi/fotos/ALF-SANTORINI-PRETO.jpg,Calça de Alfaiataria Santorini com Ajuste Lateral | Asa Delta Store,"Calça de Alfaiataria Santorini com Ajuste Lateral. Cores: preto. Tamanhos: 38, 40, 42, 44, 46, 48, 50, 52.",,,
calca-alfaiataria-santorini,ALF-SANTORINI-PRETO-44,Calça de Alfaiataria Santorini com Ajuste Lateral,"<p>Elegância e versatilidade numa peça que acompanha você em qualquer ocasião.</p><p>A Calça de Alfaiataria Santorini tem <strong>caimento impecável</strong> e <strong>ajuste lateral</strong> na cintura, em preto. A preta que vai do casual ao social.</p><p><strong>Destaques</strong></p><ul><li><strong>Ajuste lateral</strong> na cintura, para acertar o caimento</li><li><strong>98% algodão e 2% elastano</strong>: macia, resistente e com elasticidade</li><li><strong>Corte que valoriza a silhueta</strong>, confortável o dia inteiro</li><li><strong>Design atemporal</strong>, do casual ao arrumado</li></ul><p><strong>Quando usar:</strong> Para o trabalho, jantares, eventos e o dia a dia com um toque mais elegante.</p><p><strong>Cores disponíveis:</strong> preto.</p><p><strong>Ficha técnica</strong><br>Tecido: 98% algodão e 2% elastano<br>Ajuste: Lateral, na cintura<br>Tamanhos: 38 a 52<br>Modelo das fotos: Veste 40 · 1,76 m · 79 kg</p>",sim,sim,nao,Asa Delta Store,Roupas>Alfaiataria>Calças,,,,,Cor:Preto;Tamanho:44,,,,,,,nao,sim,,,,,,,,,,nao,,,,,sim,https://raw.githubusercontent.com/BielPB/vaide13ou22/main/yampi/fotos/ALF-SANTORINI-PRETO.jpg,Calça de Alfaiataria Santorini com Ajuste Lateral | Asa Delta Store,"Calça de Alfaiataria Santorini com Ajuste Lateral. Cores: preto. Tamanhos: 38, 40, 42, 44, 46, 48, 50, 52.",,,
calca-alfaiataria-santorini,ALF-SANTORINI-PRETO-46,Calça de Alfaiataria Santorini com Ajuste Lateral,"<p>Elegância e versatilidade numa peça que acompanha você em qualquer ocasião.</p><p>A Calça de Alfaiataria Santorini tem <strong>caimento impecável</strong> e <strong>ajuste lateral</strong> na cintura, em preto. A preta que vai do casual ao social.</p><p><strong>Destaques</strong></p><ul><li><strong>Ajuste lateral</strong> na cintura, para acertar o caimento</li><li><strong>98% algodão e 2% elastano</strong>: macia, resistente e com elasticidade</li><li><strong>Corte que valoriza a silhueta</strong>, confortável o dia inteiro</li><li><strong>Design atemporal</strong>, do casual ao arrumado</li></ul><p><strong>Quando usar:</strong> Para o trabalho, jantares, eventos e o dia a dia com um toque mais elegante.</p><p><strong>Cores disponíveis:</strong> preto.</p><p><strong>Ficha técnica</strong><br>Tecido: 98% algodão e 2% elastano<br>Ajuste: Lateral, na cintura<br>Tamanhos: 38 a 52<br>Modelo das fotos: Veste 40 · 1,76 m · 79 kg</p>",sim,sim,nao,Asa Delta Store,Roupas>Alfaiataria>Calças,,,,,Cor:Preto;Tamanho:46,,,,,,,nao,sim,,,,,,,,,,nao,,,,,sim,https://raw.githubusercontent.com/BielPB/vaide13ou22/main/yampi/fotos/ALF-SANTORINI-PRETO.jpg,Calça de Alfaiataria Santorini com Ajuste Lateral | Asa Delta Store,"Calça de Alfaiataria Santorini com Ajuste Lateral. Cores: preto. Tamanhos: 38, 40, 42, 44, 46, 48, 50, 52.",,,
calca-alfaiataria-santorini,ALF-SANTORINI-PRETO-48,Calça de Alfaiataria Santorini com Ajuste Lateral,"<p>Elegância e versatilidade numa peça que acompanha você em qualquer ocasião.</p><p>A Calça de Alfaiataria Santorini tem <strong>caimento impecável</strong> e <strong>ajuste lateral</strong> na cintura, em preto. A preta que vai do casual ao social.</p><p><strong>Destaques</strong></p><ul><li><strong>Ajuste lateral</strong> na cintura, para acertar o caimento</li><li><strong>98% algodão e 2% elastano</strong>: macia, resistente e com elasticidade</li><li><strong>Corte que valoriza a silhueta</strong>, confortável o dia inteiro</li><li><strong>Design atemporal</strong>, do casual ao arrumado</li></ul><p><strong>Quando usar:</strong> Para o trabalho, jantares, eventos e o dia a dia com um toque mais elegante.</p><p><strong>Cores disponíveis:</strong> preto.</p><p><strong>Ficha técnica</strong><br>Tecido: 98% algodão e 2% elastano<br>Ajuste: Lateral, na cintura<br>Tamanhos: 38 a 52<br>Modelo das fotos: Veste 40 · 1,76 m · 79 kg</p>",sim,sim,nao,Asa Delta Store,Roupas>Alfaiataria>Calças,,,,,Cor:Preto;Tamanho:48,,,,,,,nao,sim,,,,,,,,,,nao,,,,,sim,https://raw.githubusercontent.com/BielPB/vaide13ou22/main/yampi/fotos/ALF-SANTORINI-PRETO.jpg,Calça de Alfaiataria Santorini com Ajuste Lateral | Asa Delta Store,"Calça de Alfaiataria Santorini com Ajuste Lateral. Cores: preto. Tamanhos: 38, 40, 42, 44, 46, 48, 50, 52.",,,
calca-alfaiataria-santorini,ALF-SANTORINI-PRETO-50,Calça de Alfaiataria Santorini com Ajuste Lateral,"<p>Elegância e versatilidade numa peça que acompanha você em qualquer ocasião.</p><p>A Calça de Alfaiataria Santorini tem <strong>caimento impecável</strong> e <strong>ajuste lateral</strong> na cintura, em preto. A preta que vai do casual ao social.</p><p><strong>Destaques</strong></p><ul><li><strong>Ajuste lateral</strong> na cintura, para acertar o caimento</li><li><strong>98% algodão e 2% elastano</strong>: macia, resistente e com elasticidade</li><li><strong>Corte que valoriza a silhueta</strong>, confortável o dia inteiro</li><li><strong>Design atemporal</strong>, do casual ao arrumado</li></ul><p><strong>Quando usar:</strong> Para o trabalho, jantares, eventos e o dia a dia com um toque mais elegante.</p><p><strong>Cores disponíveis:</strong> preto.</p><p><strong>Ficha técnica</strong><br>Tecido: 98% algodão e 2% elastano<br>Ajuste: Lateral, na cintura<br>Tamanhos: 38 a 52<br>Modelo das fotos: Veste 40 · 1,76 m · 79 kg</p>",sim,sim,nao,Asa Delta Store,Roupas>Alfaiataria>Calças,,,,,Cor:Preto;Tamanho:50,,,,,,,nao,sim,,,,,,,,,,nao,,,,,sim,https://raw.githubusercontent.com/BielPB/vaide13ou22/main/yampi/fotos/ALF-SANTORINI-PRETO.jpg,Calça de Alfaiataria Santorini com Ajuste Lateral | Asa Delta Store,"Calça de Alfaiataria Santorini com Ajuste Lateral. Cores: preto. Tamanhos: 38, 40, 42, 44, 46, 48, 50, 52.",,,
calca-alfaiataria-santorini,ALF-SANTORINI-PRETO-52,Calça de Alfaiataria Santorini com Ajuste Lateral,"<p>Elegância e versatilidade numa peça que acompanha você em qualquer ocasião.</p><p>A Calça de Alfaiataria Santorini tem <strong>caimento impecável</strong> e <strong>ajuste lateral</strong> na cintura, em preto. A preta que vai do casual ao social.</p><p><strong>Destaques</strong></p><ul><li><strong>Ajuste lateral</strong> na cintura, para acertar o caimento</li><li><strong>98% algodão e 2% elastano</strong>: macia, resistente e com elasticidade</li><li><strong>Corte que valoriza a silhueta</strong>, confortável o dia inteiro</li><li><strong>Design atemporal</strong>, do casual ao arrumado</li></ul><p><strong>Quando usar:</strong> Para o trabalho, jantares, eventos e o dia a dia com um toque mais elegante.</p><p><strong>Cores disponíveis:</strong> preto.</p><p><strong>Ficha técnica</strong><br>Tecido: 98% algodão e 2% elastano<br>Ajuste: Lateral, na cintura<br>Tamanhos: 38 a 52<br>Modelo das fotos: Veste 40 · 1,76 m · 79 kg</p>",sim,sim,nao,Asa Delta Store,Roupas>Alfaiataria>Calças,,,,,Cor:Preto;Tamanho:52,,,,,,,nao,sim,,,,,,,,,,nao,,,,,sim,https://raw.githubusercontent.com/BielPB/vaide13ou22/main/yampi/fotos/ALF-SANTORINI-PRETO.jpg,Calça de Alfaiataria Santorini com Ajuste Lateral | Asa Delta Store,"Calça de Alfaiataria Santorini com Ajuste Lateral. Cores: preto. Tamanhos: 38, 40, 42, 44, 46, 48, 50, 52.",,,
calca-sarja-firenze,ALF-FIRENZE-CINZACLARO-38,Calça de Sarja Firenze com Ajuste Lateral,"<p>Elegância e versatilidade numa peça que acompanha você em qualquer ocasião.</p><p>A Calça de Sarja Firenze tem <strong>caimento impecável</strong> e <strong>ajuste lateral</strong> na cintura, em cinza-claro. Um cinza leve para looks claros e elegantes.</p><p><strong>Destaques</strong></p><ul><li><strong>Ajuste lateral</strong> na cintura, para acertar o caimento</li><li><strong>98% algodão e 2% elastano</strong>: macia, resistente e com elasticidade</li><li><strong>Corte que valoriza a silhueta</strong>, confortável o dia inteiro</li><li><strong>Design atemporal</strong>, do casual ao arrumado</li></ul><p><strong>Quando usar:</strong> Para o trabalho, jantares, eventos e o dia a dia com um toque mais elegante.</p><p><strong>Cores disponíveis:</strong> cinza-claro.</p><p><strong>Ficha técnica</strong><br>Tecido: 98% algodão e 2% elastano<br>Ajuste: Lateral, na cintura<br>Tamanhos: 38 a 52<br>Modelo das fotos: Veste 40 · 1,76 m · 79 kg</p>",sim,sim,nao,Asa Delta Store,Roupas>Alfaiataria>Calças,,,,,Cor:Cinza-claro;Tamanho:38,,,,,,,nao,sim,,,,,,,,,,nao,,,,,sim,https://raw.githubusercontent.com/BielPB/vaide13ou22/main/yampi/fotos/ALF-FIRENZE-CINZACLARO.jpg,Calça de Sarja Firenze com Ajuste Lateral | Asa Delta Store,"Calça de Sarja Firenze com Ajuste Lateral. Cores: cinza-claro. Tamanhos: 38, 40, 42, 44, 46, 48, 50, 52.",,,
calca-sarja-firenze,ALF-FIRENZE-CINZACLARO-40,Calça de Sarja Firenze com Ajuste Lateral,"<p>Elegância e versatilidade numa peça que acompanha você em qualquer ocasião.</p><p>A Calça de Sarja Firenze tem <strong>caimento impecável</strong> e <strong>ajuste lateral</strong> na cintura, em cinza-claro. Um cinza leve para looks claros e elegantes.</p><p><strong>Destaques</strong></p><ul><li><strong>Ajuste lateral</strong> na cintura, para acertar o caimento</li><li><strong>98% algodão e 2% elastano</strong>: macia, resistente e com elasticidade</li><li><strong>Corte que valoriza a silhueta</strong>, confortável o dia inteiro</li><li><strong>Design atemporal</strong>, do casual ao arrumado</li></ul><p><strong>Quando usar:</strong> Para o trabalho, jantares, eventos e o dia a dia com um toque mais elegante.</p><p><strong>Cores disponíveis:</strong> cinza-claro.</p><p><strong>Ficha técnica</strong><br>Tecido: 98% algodão e 2% elastano<br>Ajuste: Lateral, na cintura<br>Tamanhos: 38 a 52<br>Modelo das fotos: Veste 40 · 1,76 m · 79 kg</p>",sim,sim,nao,Asa Delta Store,Roupas>Alfaiataria>Calças,,,,,Cor:Cinza-claro;Tamanho:40,,,,,,,nao,sim,,,,,,,,,,nao,,,,,sim,https://raw.githubusercontent.com/BielPB/vaide13ou22/main/yampi/fotos/ALF-FIRENZE-CINZACLARO.jpg,Calça de Sarja Firenze com Ajuste Lateral | Asa Delta Store,"Calça de Sarja Firenze com Ajuste Lateral. Cores: cinza-claro. Tamanhos: 38, 40, 42, 44, 46, 48, 50, 52.",,,
calca-sarja-firenze,ALF-FIRENZE-CINZACLARO-42,Calça de Sarja Firenze com Ajuste Lateral,"<p>Elegância e versatilidade numa peça que acompanha você em qualquer ocasião.</p><p>A Calça de Sarja Firenze tem <strong>caimento impecável</strong> e <strong>ajuste lateral</strong> na cintura, em cinza-claro. Um cinza leve para looks claros e elegantes.</p><p><strong>Destaques</strong></p><ul><li><strong>Ajuste lateral</strong> na cintura, para acertar o caimento</li><li><strong>98% algodão e 2% elastano</strong>: macia, resistente e com elasticidade</li><li><strong>Corte que valoriza a silhueta</strong>, confortável o dia inteiro</li><li><strong>Design atemporal</strong>, do casual ao arrumado</li></ul><p><strong>Quando usar:</strong> Para o trabalho, jantares, eventos e o dia a dia com um toque mais elegante.</p><p><strong>Cores disponíveis:</strong> cinza-claro.</p><p><strong>Ficha técnica</strong><br>Tecido: 98% algodão e 2% elastano<br>Ajuste: Lateral, na cintura<br>Tamanhos: 38 a 52<br>Modelo das fotos: Veste 40 · 1,76 m · 79 kg</p>",sim,sim,nao,Asa Delta Store,Roupas>Alfaiataria>Calças,,,,,Cor:Cinza-claro;Tamanho:42,,,,,,,nao,sim,,,,,,,,,,nao,,,,,sim,https://raw.githubusercontent.com/BielPB/vaide13ou22/main/yampi/fotos/ALF-FIRENZE-CINZACLARO.jpg,Calça de Sarja Firenze com Ajuste Lateral | Asa Delta Store,"Calça de Sarja Firenze com Ajuste Lateral. Cores: cinza-claro. Tamanhos: 38, 40, 42, 44, 46, 48, 50, 52.",,,
calca-sarja-firenze,ALF-FIRENZE-CINZACLARO-44,Calça de Sarja Firenze com Ajuste Lateral,"<p>Elegância e versatilidade numa peça que acompanha você em qualquer ocasião.</p><p>A Calça de Sarja Firenze tem <strong>caimento impecável</strong> e <strong>ajuste lateral</strong> na cintura, em cinza-claro. Um cinza leve para looks claros e elegantes.</p><p><strong>Destaques</strong></p><ul><li><strong>Ajuste lateral</strong> na cintura, para acertar o caimento</li><li><strong>98% algodão e 2% elastano</strong>: macia, resistente e com elasticidade</li><li><strong>Corte que valoriza a silhueta</strong>, confortável o dia inteiro</li><li><strong>Design atemporal</strong>, do casual ao arrumado</li></ul><p><strong>Quando usar:</strong> Para o trabalho, jantares, eventos e o dia a dia com um toque mais elegante.</p><p><strong>Cores disponíveis:</strong> cinza-claro.</p><p><strong>Ficha técnica</strong><br>Tecido: 98% algodão e 2% elastano<br>Ajuste: Lateral, na cintura<br>Tamanhos: 38 a 52<br>Modelo das fotos: Veste 40 · 1,76 m · 79 kg</p>",sim,sim,nao,Asa Delta Store,Roupas>Alfaiataria>Calças,,,,,Cor:Cinza-claro;Tamanho:44,,,,,,,nao,sim,,,,,,,,,,nao,,,,,sim,https://raw.githubusercontent.com/BielPB/vaide13ou22/main/yampi/fotos/ALF-FIRENZE-CINZACLARO.jpg,Calça de Sarja Firenze com Ajuste Lateral | Asa Delta Store,"Calça de Sarja Firenze com Ajuste Lateral. Cores: cinza-claro. Tamanhos: 38, 40, 42, 44, 46, 48, 50, 52.",,,
calca-sarja-firenze,ALF-FIRENZE-CINZACLARO-46,Calça de Sarja Firenze com Ajuste Lateral,"<p>Elegância e versatilidade numa peça que acompanha você em qualquer ocasião.</p><p>A Calça de Sarja Firenze tem <strong>caimento impecável</strong> e <strong>ajuste lateral</strong> na cintura, em cinza-claro. Um cinza leve para looks claros e elegantes.</p><p><strong>Destaques</strong></p><ul><li><strong>Ajuste lateral</strong> na cintura, para acertar o caimento</li><li><strong>98% algodão e 2% elastano</strong>: macia, resistente e com elasticidade</li><li><strong>Corte que valoriza a silhueta</strong>, confortável o dia inteiro</li><li><strong>Design atemporal</strong>, do casual ao arrumado</li></ul><p><strong>Quando usar:</strong> Para o trabalho, jantares, eventos e o dia a dia com um toque mais elegante.</p><p><strong>Cores disponíveis:</strong> cinza-claro.</p><p><strong>Ficha técnica</strong><br>Tecido: 98% algodão e 2% elastano<br>Ajuste: Lateral, na cintura<br>Tamanhos: 38 a 52<br>Modelo das fotos: Veste 40 · 1,76 m · 79 kg</p>",sim,sim,nao,Asa Delta Store,Roupas>Alfaiataria>Calças,,,,,Cor:Cinza-claro;Tamanho:46,,,,,,,nao,sim,,,,,,,,,,nao,,,,,sim,https://raw.githubusercontent.com/BielPB/vaide13ou22/main/yampi/fotos/ALF-FIRENZE-CINZACLARO.jpg,Calça de Sarja Firenze com Ajuste Lateral | Asa Delta Store,"Calça de Sarja Firenze com Ajuste Lateral. Cores: cinza-claro. Tamanhos: 38, 40, 42, 44, 46, 48, 50, 52.",,,
calca-sarja-firenze,ALF-FIRENZE-CINZACLARO-48,Calça de Sarja Firenze com Ajuste Lateral,"<p>Elegância e versatilidade numa peça que acompanha você em qualquer ocasião.</p><p>A Calça de Sarja Firenze tem <strong>caimento impecável</strong> e <strong>ajuste lateral</strong> na cintura, em cinza-claro. Um cinza leve para looks claros e elegantes.</p><p><strong>Destaques</strong></p><ul><li><strong>Ajuste lateral</strong> na cintura, para acertar o caimento</li><li><strong>98% algodão e 2% elastano</strong>: macia, resistente e com elasticidade</li><li><strong>Corte que valoriza a silhueta</strong>, confortável o dia inteiro</li><li><strong>Design atemporal</strong>, do casual ao arrumado</li></ul><p><strong>Quando usar:</strong> Para o trabalho, jantares, eventos e o dia a dia com um toque mais elegante.</p><p><strong>Cores disponíveis:</strong> cinza-claro.</p><p><strong>Ficha técnica</strong><br>Tecido: 98% algodão e 2% elastano<br>Ajuste: Lateral, na cintura<br>Tamanhos: 38 a 52<br>Modelo das fotos: Veste 40 · 1,76 m · 79 kg</p>",sim,sim,nao,Asa Delta Store,Roupas>Alfaiataria>Calças,,,,,Cor:Cinza-claro;Tamanho:48,,,,,,,nao,sim,,,,,,,,,,nao,,,,,sim,https://raw.githubusercontent.com/BielPB/vaide13ou22/main/yampi/fotos/ALF-FIRENZE-CINZACLARO.jpg,Calça de Sarja Firenze com Ajuste Lateral | Asa Delta Store,"Calça de Sarja Firenze com Ajuste Lateral. Cores: cinza-claro. Tamanhos: 38, 40, 42, 44, 46, 48, 50, 52.",,,
calca-sarja-firenze,ALF-FIRENZE-CINZACLARO-50,Calça de Sarja Firenze com Ajuste Lateral,"<p>Elegância e versatilidade numa peça que acompanha você em qualquer ocasião.</p><p>A Calça de Sarja Firenze tem <strong>caimento impecável</strong> e <strong>ajuste lateral</strong> na cintura, em cinza-claro. Um cinza leve para looks claros e elegantes.</p><p><strong>Destaques</strong></p><ul><li><strong>Ajuste lateral</strong> na cintura, para acertar o caimento</li><li><strong>98% algodão e 2% elastano</strong>: macia, resistente e com elasticidade</li><li><strong>Corte que valoriza a silhueta</strong>, confortável o dia inteiro</li><li><strong>Design atemporal</strong>, do casual ao arrumado</li></ul><p><strong>Quando usar:</strong> Para o trabalho, jantares, eventos e o dia a dia com um toque mais elegante.</p><p><strong>Cores disponíveis:</strong> cinza-claro.</p><p><strong>Ficha técnica</strong><br>Tecido: 98% algodão e 2% elastano<br>Ajuste: Lateral, na cintura<br>Tamanhos: 38 a 52<br>Modelo das fotos: Veste 40 · 1,76 m · 79 kg</p>",sim,sim,nao,Asa Delta Store,Roupas>Alfaiataria>Calças,,,,,Cor:Cinza-claro;Tamanho:50,,,,,,,nao,sim,,,,,,,,,,nao,,,,,sim,https://raw.githubusercontent.com/BielPB/vaide13ou22/main/yampi/fotos/ALF-FIRENZE-CINZACLARO.jpg,Calça de Sarja Firenze com Ajuste Lateral | Asa Delta Store,"Calça de Sarja Firenze com Ajuste Lateral. Cores: cinza-claro. Tamanhos: 38, 40, 42, 44, 46, 48, 50, 52.",,,
calca-sarja-firenze,ALF-FIRENZE-CINZACLARO-52,Calça de Sarja Firenze com Ajuste Lateral,"<p>Elegância e versatilidade numa peça que acompanha você em qualquer ocasião.</p><p>A Calça de Sarja Firenze tem <strong>caimento impecável</strong> e <strong>ajuste lateral</strong> na cintura, em cinza-claro. Um cinza leve para looks claros e elegantes.</p><p><strong>Destaques</strong></p><ul><li><strong>Ajuste lateral</strong> na cintura, para acertar o caimento</li><li><strong>98% algodão e 2% elastano</strong>: macia, resistente e com elasticidade</li><li><strong>Corte que valoriza a silhueta</strong>, confortável o dia inteiro</li><li><strong>Design atemporal</strong>, do casual ao arrumado</li></ul><p><strong>Quando usar:</strong> Para o trabalho, jantares, eventos e o dia a dia com um toque mais elegante.</p><p><strong>Cores disponíveis:</strong> cinza-claro.</p><p><strong>Ficha técnica</strong><br>Tecido: 98% algodão e 2% elastano<br>Ajuste: Lateral, na cintura<br>Tamanhos: 38 a 52<br>Modelo das fotos: Veste 40 · 1,76 m · 79 kg</p>",sim,sim,nao,Asa Delta Store,Roupas>Alfaiataria>Calças,,,,,Cor:Cinza-claro;Tamanho:52,,,,,,,nao,sim,,,,,,,,,,nao,,,,,sim,https://raw.githubusercontent.com/BielPB/vaide13ou22/main/yampi/fotos/ALF-FIRENZE-CINZACLARO.jpg,Calça de Sarja Firenze com Ajuste Lateral | Asa Delta Store,"Calça de Sarja Firenze com Ajuste Lateral. Cores: cinza-claro. Tamanhos: 38, 40, 42, 44, 46, 48, 50, 52.",,,
calca-alfaiataria-florence,ALF-FLORENCE-GRAFITE-38,Calça de Alfaiataria Florence,"<p>Elegância e versatilidade numa peça que acompanha você em qualquer ocasião.</p><p>A Calça de Alfaiataria Florence tem <strong>caimento impecável</strong> e um <strong>grafite com textura discreta</strong>, fácil de combinar.</p><p><strong>Destaques</strong></p><ul><li><strong>98% algodão e 2% elastano</strong>: macia, resistente e com elasticidade</li><li><strong>Corte que valoriza a silhueta</strong>, confortável o dia inteiro</li><li><strong>Design atemporal</strong>, do casual ao arrumado</li></ul><p><strong>Quando usar:</strong> Para o trabalho, jantares, eventos e o dia a dia com um toque mais elegante.</p><p><strong>Cores disponíveis:</strong> grafite.</p><p><strong>Ficha técnica</strong><br>Tecido: 98% algodão e 2% elastano<br>Tamanhos: 38 a 52<br>Modelo das fotos: Veste 40 · 1,76 m · 79 kg</p>",sim,sim,nao,Asa Delta Store,Roupas>Alfaiataria>Calças,,,,,Cor:Grafite;Tamanho:38,,,,,,,nao,sim,,,,,,,,,,nao,,,,,sim,https://raw.githubusercontent.com/BielPB/vaide13ou22/main/yampi/fotos/ALF-FLORENCE-GRAFITE.jpg,Calça de Alfaiataria Florence | Asa Delta Store,"Calça de Alfaiataria Florence. Cores: grafite. Tamanhos: 38, 40, 42, 44, 46, 48, 50, 52.",,,
calca-alfaiataria-florence,ALF-FLORENCE-GRAFITE-40,Calça de Alfaiataria Florence,"<p>Elegância e versatilidade numa peça que acompanha você em qualquer ocasião.</p><p>A Calça de Alfaiataria Florence tem <strong>caimento impecável</strong> e um <strong>grafite com textura discreta</strong>, fácil de combinar.</p><p><strong>Destaques</strong></p><ul><li><strong>98% algodão e 2% elastano</strong>: macia, resistente e com elasticidade</li><li><strong>Corte que valoriza a silhueta</strong>, confortável o dia inteiro</li><li><strong>Design atemporal</strong>, do casual ao arrumado</li></ul><p><strong>Quando usar:</strong> Para o trabalho, jantares, eventos e o dia a dia com um toque mais elegante.</p><p><strong>Cores disponíveis:</strong> grafite.</p><p><strong>Ficha técnica</strong><br>Tecido: 98% algodão e 2% elastano<br>Tamanhos: 38 a 52<br>Modelo das fotos: Veste 40 · 1,76 m · 79 kg</p>",sim,sim,nao,Asa Delta Store,Roupas>Alfaiataria>Calças,,,,,Cor:Grafite;Tamanho:40,,,,,,,nao,sim,,,,,,,,,,nao,,,,,sim,https://raw.githubusercontent.com/BielPB/vaide13ou22/main/yampi/fotos/ALF-FLORENCE-GRAFITE.jpg,Calça de Alfaiataria Florence | Asa Delta Store,"Calça de Alfaiataria Florence. Cores: grafite. Tamanhos: 38, 40, 42, 44, 46, 48, 50, 52.",,,
calca-alfaiataria-florence,ALF-FLORENCE-GRAFITE-42,Calça de Alfaiataria Florence,"<p>Elegância e versatilidade numa peça que acompanha você em qualquer ocasião.</p><p>A Calça de Alfaiataria Florence tem <strong>caimento impecável</strong> e um <strong>grafite com textura discreta</strong>, fácil de combinar.</p><p><strong>Destaques</strong></p><ul><li><strong>98% algodão e 2% elastano</strong>: macia, resistente e com elasticidade</li><li><strong>Corte que valoriza a silhueta</strong>, confortável o dia inteiro</li><li><strong>Design atemporal</strong>, do casual ao arrumado</li></ul><p><strong>Quando usar:</strong> Para o trabalho, jantares, eventos e o dia a dia com um toque mais elegante.</p><p><strong>Cores disponíveis:</strong> grafite.</p><p><strong>Ficha técnica</strong><br>Tecido: 98% algodão e 2% elastano<br>Tamanhos: 38 a 52<br>Modelo das fotos: Veste 40 · 1,76 m · 79 kg</p>",sim,sim,nao,Asa Delta Store,Roupas>Alfaiataria>Calças,,,,,Cor:Grafite;Tamanho:42,,,,,,,nao,sim,,,,,,,,,,nao,,,,,sim,https://raw.githubusercontent.com/BielPB/vaide13ou22/main/yampi/fotos/ALF-FLORENCE-GRAFITE.jpg,Calça de Alfaiataria Florence | Asa Delta Store,"Calça de Alfaiataria Florence. Cores: grafite. Tamanhos: 38, 40, 42, 44, 46, 48, 50, 52.",,,
calca-alfaiataria-florence,ALF-FLORENCE-GRAFITE-44,Calça de Alfaiataria Florence,"<p>Elegância e versatilidade numa peça que acompanha você em qualquer ocasião.</p><p>A Calça de Alfaiataria Florence tem <strong>caimento impecável</strong> e um <strong>grafite com textura discreta</strong>, fácil de combinar.</p><p><strong>Destaques</strong></p><ul><li><strong>98% algodão e 2% elastano</strong>: macia, resistente e com elasticidade</li><li><strong>Corte que valoriza a silhueta</strong>, confortável o dia inteiro</li><li><strong>Design atemporal</strong>, do casual ao arrumado</li></ul><p><strong>Quando usar:</strong> Para o trabalho, jantares, eventos e o dia a dia com um toque mais elegante.</p><p><strong>Cores disponíveis:</strong> grafite.</p><p><strong>Ficha técnica</strong><br>Tecido: 98% algodão e 2% elastano<br>Tamanhos: 38 a 52<br>Modelo das fotos: Veste 40 · 1,76 m · 79 kg</p>",sim,sim,nao,Asa Delta Store,Roupas>Alfaiataria>Calças,,,,,Cor:Grafite;Tamanho:44,,,,,,,nao,sim,,,,,,,,,,nao,,,,,sim,https://raw.githubusercontent.com/BielPB/vaide13ou22/main/yampi/fotos/ALF-FLORENCE-GRAFITE.jpg,Calça de Alfaiataria Florence | Asa Delta Store,"Calça de Alfaiataria Florence. Cores: grafite. Tamanhos: 38, 40, 42, 44, 46, 48, 50, 52.",,,
calca-alfaiataria-florence,ALF-FLORENCE-GRAFITE-46,Calça de Alfaiataria Florence,"<p>Elegância e versatilidade numa peça que acompanha você em qualquer ocasião.</p><p>A Calça de Alfaiataria Florence tem <strong>caimento impecável</strong> e um <strong>grafite com textura discreta</strong>, fácil de combinar.</p><p><strong>Destaques</strong></p><ul><li><strong>98% algodão e 2% elastano</strong>: macia, resistente e com elasticidade</li><li><strong>Corte que valoriza a silhueta</strong>, confortável o dia inteiro</li><li><strong>Design atemporal</strong>, do casual ao arrumado</li></ul><p><strong>Quando usar:</strong> Para o trabalho, jantares, eventos e o dia a dia com um toque mais elegante.</p><p><strong>Cores disponíveis:</strong> grafite.</p><p><strong>Ficha técnica</strong><br>Tecido: 98% algodão e 2% elastano<br>Tamanhos: 38 a 52<br>Modelo das fotos: Veste 40 · 1,76 m · 79 kg</p>",sim,sim,nao,Asa Delta Store,Roupas>Alfaiataria>Calças,,,,,Cor:Grafite;Tamanho:46,,,,,,,nao,sim,,,,,,,,,,nao,,,,,sim,https://raw.githubusercontent.com/BielPB/vaide13ou22/main/yampi/fotos/ALF-FLORENCE-GRAFITE.jpg,Calça de Alfaiataria Florence | Asa Delta Store,"Calça de Alfaiataria Florence. Cores: grafite. Tamanhos: 38, 40, 42, 44, 46, 48, 50, 52.",,,
calca-alfaiataria-florence,ALF-FLORENCE-GRAFITE-48,Calça de Alfaiataria Florence,"<p>Elegância e versatilidade numa peça que acompanha você em qualquer ocasião.</p><p>A Calça de Alfaiataria Florence tem <strong>caimento impecável</strong> e um <strong>grafite com textura discreta</strong>, fácil de combinar.</p><p><strong>Destaques</strong></p><ul><li><strong>98% algodão e 2% elastano</strong>: macia, resistente e com elasticidade</li><li><strong>Corte que valoriza a silhueta</strong>, confortável o dia inteiro</li><li><strong>Design atemporal</strong>, do casual ao arrumado</li></ul><p><strong>Quando usar:</strong> Para o trabalho, jantares, eventos e o dia a dia com um toque mais elegante.</p><p><strong>Cores disponíveis:</strong> grafite.</p><p><strong>Ficha técnica</strong><br>Tecido: 98% algodão e 2% elastano<br>Tamanhos: 38 a 52<br>Modelo das fotos: Veste 40 · 1,76 m · 79 kg</p>",sim,sim,nao,Asa Delta Store,Roupas>Alfaiataria>Calças,,,,,Cor:Grafite;Tamanho:48,,,,,,,nao,sim,,,,,,,,,,nao,,,,,sim,https://raw.githubusercontent.com/BielPB/vaide13ou22/main/yampi/fotos/ALF-FLORENCE-GRAFITE.jpg,Calça de Alfaiataria Florence | Asa Delta Store,"Calça de Alfaiataria Florence. Cores: grafite. Tamanhos: 38, 40, 42, 44, 46, 48, 50, 52.",,,
calca-alfaiataria-florence,ALF-FLORENCE-GRAFITE-50,Calça de Alfaiataria Florence,"<p>Elegância e versatilidade numa peça que acompanha você em qualquer ocasião.</p><p>A Calça de Alfaiataria Florence tem <strong>caimento impecável</strong> e um <strong>grafite com textura discreta</strong>, fácil de combinar.</p><p><strong>Destaques</strong></p><ul><li><strong>98% algodão e 2% elastano</strong>: macia, resistente e com elasticidade</li><li><strong>Corte que valoriza a silhueta</strong>, confortável o dia inteiro</li><li><strong>Design atemporal</strong>, do casual ao arrumado</li></ul><p><strong>Quando usar:</strong> Para o trabalho, jantares, eventos e o dia a dia com um toque mais elegante.</p><p><strong>Cores disponíveis:</strong> grafite.</p><p><strong>Ficha técnica</strong><br>Tecido: 98% algodão e 2% elastano<br>Tamanhos: 38 a 52<br>Modelo das fotos: Veste 40 · 1,76 m · 79 kg</p>",sim,sim,nao,Asa Delta Store,Roupas>Alfaiataria>Calças,,,,,Cor:Grafite;Tamanho:50,,,,,,,nao,sim,,,,,,,,,,nao,,,,,sim,https://raw.githubusercontent.com/BielPB/vaide13ou22/main/yampi/fotos/ALF-FLORENCE-GRAFITE.jpg,Calça de Alfaiataria Florence | Asa Delta Store,"Calça de Alfaiataria Florence. Cores: grafite. Tamanhos: 38, 40, 42, 44, 46, 48, 50, 52.",,,
calca-alfaiataria-florence,ALF-FLORENCE-GRAFITE-52,Calça de Alfaiataria Florence,"<p>Elegância e versatilidade numa peça que acompanha você em qualquer ocasião.</p><p>A Calça de Alfaiataria Florence tem <strong>caimento impecável</strong> e um <strong>grafite com textura discreta</strong>, fácil de combinar.</p><p><strong>Destaques</strong></p><ul><li><strong>98% algodão e 2% elastano</strong>: macia, resistente e com elasticidade</li><li><strong>Corte que valoriza a silhueta</strong>, confortável o dia inteiro</li><li><strong>Design atemporal</strong>, do casual ao arrumado</li></ul><p><strong>Quando usar:</strong> Para o trabalho, jantares, eventos e o dia a dia com um toque mais elegante.</p><p><strong>Cores disponíveis:</strong> grafite.</p><p><strong>Ficha técnica</strong><br>Tecido: 98% algodão e 2% elastano<br>Tamanhos: 38 a 52<br>Modelo das fotos: Veste 40 · 1,76 m · 79 kg</p>",sim,sim,nao,Asa Delta Store,Roupas>Alfaiataria>Calças,,,,,Cor:Grafite;Tamanho:52,,,,,,,nao,sim,,,,,,,,,,nao,,,,,sim,https://raw.githubusercontent.com/BielPB/vaide13ou22/main/yampi/fotos/ALF-FLORENCE-GRAFITE.jpg,Calça de Alfaiataria Florence | Asa Delta Store,"Calça de Alfaiataria Florence. Cores: grafite. Tamanhos: 38, 40, 42, 44, 46, 48, 50, 52.",,,
calca-sarja-soufter,ALF-SOUFTER-AZULMARINHO-38,Calça de Sarja Soufter,"<p>Elegância, conforto e versatilidade numa peça para qualquer ocasião.</p><p>A Calça de Sarja Soufter tem tecido de <strong>sarja resistente e macio</strong>, com <strong>acabamento caprichado</strong> e um <strong>corte moderno</strong> que valoriza a silhueta.</p><p><strong>Destaques</strong></p><ul><li><strong>Sarja</strong> resistente e de toque macio</li><li><strong>Corte moderno e equilibrado</strong></li><li><strong>Versátil</strong>: casual, urbana ou mais arrumada</li></ul><p><strong>Quando usar:</strong> Para quem quer presença e conforto com um toque de requinte, sem esforço.</p><p><strong>Cores disponíveis:</strong> azul-marinho.</p><p><strong>Ficha técnica</strong><br>Tecido: Sarja<br>Tamanhos: 38 a 52</p>",sim,sim,nao,Asa Delta Store,Roupas>Alfaiataria>Calças,,,,,Cor:Azul-marinho;Tamanho:38,,,,,,,nao,sim,,,,,,,,,,nao,,,,,sim,https://raw.githubusercontent.com/BielPB/vaide13ou22/main/yampi/fotos/ALF-SOUFTER-AZULMARINHO.jpg,Calça de Sarja Soufter | Asa Delta Store,"Calça de Sarja Soufter. Cores: azul-marinho. Tamanhos: 38, 40, 42, 44, 46, 48, 50, 52.",,,
calca-sarja-soufter,ALF-SOUFTER-AZULMARINHO-40,Calça de Sarja Soufter,"<p>Elegância, conforto e versatilidade numa peça para qualquer ocasião.</p><p>A Calça de Sarja Soufter tem tecido de <strong>sarja resistente e macio</strong>, com <strong>acabamento caprichado</strong> e um <strong>corte moderno</strong> que valoriza a silhueta.</p><p><strong>Destaques</strong></p><ul><li><strong>Sarja</strong> resistente e de toque macio</li><li><strong>Corte moderno e equilibrado</strong></li><li><strong>Versátil</strong>: casual, urbana ou mais arrumada</li></ul><p><strong>Quando usar:</strong> Para quem quer presença e conforto com um toque de requinte, sem esforço.</p><p><strong>Cores disponíveis:</strong> azul-marinho.</p><p><strong>Ficha técnica</strong><br>Tecido: Sarja<br>Tamanhos: 38 a 52</p>",sim,sim,nao,Asa Delta Store,Roupas>Alfaiataria>Calças,,,,,Cor:Azul-marinho;Tamanho:40,,,,,,,nao,sim,,,,,,,,,,nao,,,,,sim,https://raw.githubusercontent.com/BielPB/vaide13ou22/main/yampi/fotos/ALF-SOUFTER-AZULMARINHO.jpg,Calça de Sarja Soufter | Asa Delta Store,"Calça de Sarja Soufter. Cores: azul-marinho. Tamanhos: 38, 40, 42, 44, 46, 48, 50, 52.",,,
calca-sarja-soufter,ALF-SOUFTER-AZULMARINHO-42,Calça de Sarja Soufter,"<p>Elegância, conforto e versatilidade numa peça para qualquer ocasião.</p><p>A Calça de Sarja Soufter tem tecido de <strong>sarja resistente e macio</strong>, com <strong>acabamento caprichado</strong> e um <strong>corte moderno</strong> que valoriza a silhueta.</p><p><strong>Destaques</strong></p><ul><li><strong>Sarja</strong> resistente e de toque macio</li><li><strong>Corte moderno e equilibrado</strong></li><li><strong>Versátil</strong>: casual, urbana ou mais arrumada</li></ul><p><strong>Quando usar:</strong> Para quem quer presença e conforto com um toque de requinte, sem esforço.</p><p><strong>Cores disponíveis:</strong> azul-marinho.</p><p><strong>Ficha técnica</strong><br>Tecido: Sarja<br>Tamanhos: 38 a 52</p>",sim,sim,nao,Asa Delta Store,Roupas>Alfaiataria>Calças,,,,,Cor:Azul-marinho;Tamanho:42,,,,,,,nao,sim,,,,,,,,,,nao,,,,,sim,https://raw.githubusercontent.com/BielPB/vaide13ou22/main/yampi/fotos/ALF-SOUFTER-AZULMARINHO.jpg,Calça de Sarja Soufter | Asa Delta Store,"Calça de Sarja Soufter. Cores: azul-marinho. Tamanhos: 38, 40, 42, 44, 46, 48, 50, 52.",,,
calca-sarja-soufter,ALF-SOUFTER-AZULMARINHO-44,Calça de Sarja Soufter,"<p>Elegância, conforto e versatilidade numa peça para qualquer ocasião.</p><p>A Calça de Sarja Soufter tem tecido de <strong>sarja resistente e macio</strong>, com <strong>acabamento caprichado</strong> e um <strong>corte moderno</strong> que valoriza a silhueta.</p><p><strong>Destaques</strong></p><ul><li><strong>Sarja</strong> resistente e de toque macio</li><li><strong>Corte moderno e equilibrado</strong></li><li><strong>Versátil</strong>: casual, urbana ou mais arrumada</li></ul><p><strong>Quando usar:</strong> Para quem quer presença e conforto com um toque de requinte, sem esforço.</p><p><strong>Cores disponíveis:</strong> azul-marinho.</p><p><strong>Ficha técnica</strong><br>Tecido: Sarja<br>Tamanhos: 38 a 52</p>",sim,sim,nao,Asa Delta Store,Roupas>Alfaiataria>Calças,,,,,Cor:Azul-marinho;Tamanho:44,,,,,,,nao,sim,,,,,,,,,,nao,,,,,sim,https://raw.githubusercontent.com/BielPB/vaide13ou22/main/yampi/fotos/ALF-SOUFTER-AZULMARINHO.jpg,Calça de Sarja Soufter | Asa Delta Store,"Calça de Sarja Soufter. Cores: azul-marinho. Tamanhos: 38, 40, 42, 44, 46, 48, 50, 52.",,,
calca-sarja-soufter,ALF-SOUFTER-AZULMARINHO-46,Calça de Sarja Soufter,"<p>Elegância, conforto e versatilidade numa peça para qualquer ocasião.</p><p>A Calça de Sarja Soufter tem tecido de <strong>sarja resistente e macio</strong>, com <strong>acabamento caprichado</strong> e um <strong>corte moderno</strong> que valoriza a silhueta.</p><p><strong>Destaques</strong></p><ul><li><strong>Sarja</strong> resistente e de toque macio</li><li><strong>Corte moderno e equilibrado</strong></li><li><strong>Versátil</strong>: casual, urbana ou mais arrumada</li></ul><p><strong>Quando usar:</strong> Para quem quer presença e conforto com um toque de requinte, sem esforço.</p><p><strong>Cores disponíveis:</strong> azul-marinho.</p><p><strong>Ficha técnica</strong><br>Tecido: Sarja<br>Tamanhos: 38 a 52</p>",sim,sim,nao,Asa Delta Store,Roupas>Alfaiataria>Calças,,,,,Cor:Azul-marinho;Tamanho:46,,,,,,,nao,sim,,,,,,,,,,nao,,,,,sim,https://raw.githubusercontent.com/BielPB/vaide13ou22/main/yampi/fotos/ALF-SOUFTER-AZULMARINHO.jpg,Calça de Sarja Soufter | Asa Delta Store,"Calça de Sarja Soufter. Cores: azul-marinho. Tamanhos: 38, 40, 42, 44, 46, 48, 50, 52.",,,
calca-sarja-soufter,ALF-SOUFTER-AZULMARINHO-48,Calça de Sarja Soufter,"<p>Elegância, conforto e versatilidade numa peça para qualquer ocasião.</p><p>A Calça de Sarja Soufter tem tecido de <strong>sarja resistente e macio</strong>, com <strong>acabamento caprichado</strong> e um <strong>corte moderno</strong> que valoriza a silhueta.</p><p><strong>Destaques</strong></p><ul><li><strong>Sarja</strong> resistente e de toque macio</li><li><strong>Corte moderno e equilibrado</strong></li><li><strong>Versátil</strong>: casual, urbana ou mais arrumada</li></ul><p><strong>Quando usar:</strong> Para quem quer presença e conforto com um toque de requinte, sem esforço.</p><p><strong>Cores disponíveis:</strong> azul-marinho.</p><p><strong>Ficha técnica</strong><br>Tecido: Sarja<br>Tamanhos: 38 a 52</p>",sim,sim,nao,Asa Delta Store,Roupas>Alfaiataria>Calças,,,,,Cor:Azul-marinho;Tamanho:48,,,,,,,nao,sim,,,,,,,,,,nao,,,,,sim,https://raw.githubusercontent.com/BielPB/vaide13ou22/main/yampi/fotos/ALF-SOUFTER-AZULMARINHO.jpg,Calça de Sarja Soufter | Asa Delta Store,"Calça de Sarja Soufter. Cores: azul-marinho. Tamanhos: 38, 40, 42, 44, 46, 48, 50, 52.",,,
calca-sarja-soufter,ALF-SOUFTER-AZULMARINHO-50,Calça de Sarja Soufter,"<p>Elegância, conforto e versatilidade numa peça para qualquer ocasião.</p><p>A Calça de Sarja Soufter tem tecido de <strong>sarja resistente e macio</strong>, com <strong>acabamento caprichado</strong> e um <strong>corte moderno</strong> que valoriza a silhueta.</p><p><strong>Destaques</strong></p><ul><li><strong>Sarja</strong> resistente e de toque macio</li><li><strong>Corte moderno e equilibrado</strong></li><li><strong>Versátil</strong>: casual, urbana ou mais arrumada</li></ul><p><strong>Quando usar:</strong> Para quem quer presença e conforto com um toque de requinte, sem esforço.</p><p><strong>Cores disponíveis:</strong> azul-marinho.</p><p><strong>Ficha técnica</strong><br>Tecido: Sarja<br>Tamanhos: 38 a 52</p>",sim,sim,nao,Asa Delta Store,Roupas>Alfaiataria>Calças,,,,,Cor:Azul-marinho;Tamanho:50,,,,,,,nao,sim,,,,,,,,,,nao,,,,,sim,https://raw.githubusercontent.com/BielPB/vaide13ou22/main/yampi/fotos/ALF-SOUFTER-AZULMARINHO.jpg,Calça de Sarja Soufter | Asa Delta Store,"Calça de Sarja Soufter. Cores: azul-marinho. Tamanhos: 38, 40, 42, 44, 46, 48, 50, 52.",,,
calca-sarja-soufter,ALF-SOUFTER-AZULMARINHO-52,Calça de Sarja Soufter,"<p>Elegância, conforto e versatilidade numa peça para qualquer ocasião.</p><p>A Calça de Sarja Soufter tem tecido de <strong>sarja resistente e macio</strong>, com <strong>acabamento caprichado</strong> e um <strong>corte moderno</strong> que valoriza a silhueta.</p><p><strong>Destaques</strong></p><ul><li><strong>Sarja</strong> resistente e de toque macio</li><li><strong>Corte moderno e equilibrado</strong></li><li><strong>Versátil</strong>: casual, urbana ou mais arrumada</li></ul><p><strong>Quando usar:</strong> Para quem quer presença e conforto com um toque de requinte, sem esforço.</p><p><strong>Cores disponíveis:</strong> azul-marinho.</p><p><strong>Ficha técnica</strong><br>Tecido: Sarja<br>Tamanhos: 38 a 52</p>",sim,sim,nao,Asa Delta Store,Roupas>Alfaiataria>Calças,,,,,Cor:Azul-marinho;Tamanho:52,,,,,,,nao,sim,,,,,,,,,,nao,,,,,sim,https://raw.githubusercontent.com/BielPB/vaide13ou22/main/yampi/fotos/ALF-SOUFTER-AZULMARINHO.jpg,Calça de Sarja Soufter | Asa Delta Store,"Calça de Sarja Soufter. Cores: azul-marinho. Tamanhos: 38, 40, 42, 44, 46, 48, 50, 52.",,,
sueter-tricot-san-victorio,ALF-SANVICTORIO-AZULMARINHO-P,Suéter de Tricô San'Victorio,"<p>O suéter certo para quando o tempo muda.</p><p>O Suéter San'Victorio é de <strong>tricô de algodão</strong> com <strong>meio zíper</strong> na gola alta. Inspirado no estilo old money, traz uma sofisticação atemporal, perfeita para usar por cima de camisa.</p><p><strong>Destaques</strong></p><ul><li><strong>Meio zíper</strong> na gola alta</li><li><strong>Tricô de algodão</strong>, confortável na meia-estação</li><li><strong>Estilo clássico</strong> e atemporal</li><li><strong>Ótimo em camadas</strong>, por cima de camisa ou polo</li></ul><p><strong>Quando usar:</strong> Para a meia-estação, viagens, jantares e o escritório.</p><p><strong>Cores disponíveis:</strong> azul-marinho.</p><p><strong>Ficha técnica</strong><br>Material: Algodão<br>Modelo: Meio zíper<br>Tamanhos: P, M, G e GG</p>",sim,sim,nao,Asa Delta Store,Roupas>Alfaiataria>Suéteres,,,,,Cor:Azul-marinho;Tamanho:P,,,,,,,nao,sim,,,,,,,,,,nao,,,,,sim,https://raw.githubusercontent.com/BielPB/vaide13ou22/main/yampi/fotos/ALF-SANVICTORIO-AZULMARINHO.jpg,Suéter de Tricô San'Victorio | Asa Delta Store,"Suéter de Tricô San'Victorio. Cores: azul-marinho. Tamanhos: P, M, G, GG.",,,
sueter-tricot-san-victorio,ALF-SANVICTORIO-AZULMARINHO-M,Suéter de Tricô San'Victorio,"<p>O suéter certo para quando o tempo muda.</p><p>O Suéter San'Victorio é de <strong>tricô de algodão</strong> com <strong>meio zíper</strong> na gola alta. Inspirado no estilo old money, traz uma sofisticação atemporal, perfeita para usar por cima de camisa.</p><p><strong>Destaques</strong></p><ul><li><strong>Meio zíper</strong> na gola alta</li><li><strong>Tricô de algodão</strong>, confortável na meia-estação</li><li><strong>Estilo clássico</strong> e atemporal</li><li><strong>Ótimo em camadas</strong>, por cima de camisa ou polo</li></ul><p><strong>Quando usar:</strong> Para a meia-estação, viagens, jantares e o escritório.</p><p><strong>Cores disponíveis:</strong> azul-marinho.</p><p><strong>Ficha técnica</strong><br>Material: Algodão<br>Modelo: Meio zíper<br>Tamanhos: P, M, G e GG</p>",sim,sim,nao,Asa Delta Store,Roupas>Alfaiataria>Suéteres,,,,,Cor:Azul-marinho;Tamanho:M,,,,,,,nao,sim,,,,,,,,,,nao,,,,,sim,https://raw.githubusercontent.com/BielPB/vaide13ou22/main/yampi/fotos/ALF-SANVICTORIO-AZULMARINHO.jpg,Suéter de Tricô San'Victorio | Asa Delta Store,"Suéter de Tricô San'Victorio. Cores: azul-marinho. Tamanhos: P, M, G, GG.",,,
sueter-tricot-san-victorio,ALF-SANVICTORIO-AZULMARINHO-G,Suéter de Tricô San'Victorio,"<p>O suéter certo para quando o tempo muda.</p><p>O Suéter San'Victorio é de <strong>tricô de algodão</strong> com <strong>meio zíper</strong> na gola alta. Inspirado no estilo old money, traz uma sofisticação atemporal, perfeita para usar por cima de camisa.</p><p><strong>Destaques</strong></p><ul><li><strong>Meio zíper</strong> na gola alta</li><li><strong>Tricô de algodão</strong>, confortável na meia-estação</li><li><strong>Estilo clássico</strong> e atemporal</li><li><strong>Ótimo em camadas</strong>, por cima de camisa ou polo</li></ul><p><strong>Quando usar:</strong> Para a meia-estação, viagens, jantares e o escritório.</p><p><strong>Cores disponíveis:</strong> azul-marinho.</p><p><strong>Ficha técnica</strong><br>Material: Algodão<br>Modelo: Meio zíper<br>Tamanhos: P, M, G e GG</p>",sim,sim,nao,Asa Delta Store,Roupas>Alfaiataria>Suéteres,,,,,Cor:Azul-marinho;Tamanho:G,,,,,,,nao,sim,,,,,,,,,,nao,,,,,sim,https://raw.githubusercontent.com/BielPB/vaide13ou22/main/yampi/fotos/ALF-SANVICTORIO-AZULMARINHO.jpg,Suéter de Tricô San'Victorio | Asa Delta Store,"Suéter de Tricô San'Victorio. Cores: azul-marinho. Tamanhos: P, M, G, GG.",,,
sueter-tricot-san-victorio,ALF-SANVICTORIO-AZULMARINHO-GG,Suéter de Tricô San'Victorio,"<p>O suéter certo para quando o tempo muda.</p><p>O Suéter San'Victorio é de <strong>tricô de algodão</strong> com <strong>meio zíper</strong> na gola alta. Inspirado no estilo old money, traz uma sofisticação atemporal, perfeita para usar por cima de camisa.</p><p><strong>Destaques</strong></p><ul><li><strong>Meio zíper</strong> na gola alta</li><li><strong>Tricô de algodão</strong>, confortável na meia-estação</li><li><strong>Estilo clássico</strong> e atemporal</li><li><strong>Ótimo em camadas</strong>, por cima de camisa ou polo</li></ul><p><strong>Quando usar:</strong> Para a meia-estação, viagens, jantares e o escritório.</p><p><strong>Cores disponíveis:</strong> azul-marinho.</p><p><strong>Ficha técnica</strong><br>Material: Algodão<br>Modelo: Meio zíper<br>Tamanhos: P, M, G e GG</p>",sim,sim,nao,Asa Delta Store,Roupas>Alfaiataria>Suéteres,,,,,Cor:Azul-marinho;Tamanho:GG,,,,,,,nao,sim,,,,,,,,,,nao,,,,,sim,https://raw.githubusercontent.com/BielPB/vaide13ou22/main/yampi/fotos/ALF-SANVICTORIO-AZULMARINHO.jpg,Suéter de Tricô San'Victorio | Asa Delta Store,"Suéter de Tricô San'Victorio. Cores: azul-marinho. Tamanhos: P, M, G, GG.",,,
sueter-tricot-dicaprio,ALF-DICAPRIO-AZULMARINHO-P,Suéter de Tricô Dicaprio,"<p>Conforto e estilo para as mudanças de tempo.</p><p>O Suéter Dicaprio é de <strong>tricô de algodão</strong> com <strong>meio zíper</strong>, punhos e barra canelados. Estilo old money, em <strong>quatro cores</strong> para variar o visual.</p><p><strong>Destaques</strong></p><ul><li><strong>Meio zíper</strong> na gola alta</li><li><strong>Tricô de algodão</strong> com punhos e barra canelados</li><li><strong>Quatro cores</strong>: azul-marinho, azul-celeste, preto e cinza</li><li><strong>Ótimo em camadas</strong>, por cima de camisa ou polo</li></ul><p><strong>Quando usar:</strong> Para a meia-estação, viagens, jantares e o escritório.</p><p><strong>Cores disponíveis:</strong> azul-marinho, azul-celeste, preto e cinza.</p><p><strong>Ficha técnica</strong><br>Material: Algodão<br>Modelo: Meio zíper<br>Tamanhos: P, M, G e GG</p>",sim,sim,nao,Asa Delta Store,Roupas>Alfaiataria>Suéteres,,,,,Cor:Azul-marinho;Tamanho:P,,,,,,,nao,sim,,,,,,,,,,nao,,,,,sim,https://raw.githubusercontent.com/BielPB/vaide13ou22/main/yampi/fotos/ALF-DICAPRIO-AZULMARINHO.jpg,Suéter de Tricô Dicaprio | Asa Delta Store,"Suéter de Tricô Dicaprio. Cores: azul-marinho, azul-celeste, preto, cinza. Tamanhos: P, M, G, GG.",,,
sueter-tricot-dicaprio,ALF-DICAPRIO-AZULMARINHO-M,Suéter de Tricô Dicaprio,"<p>Conforto e estilo para as mudanças de tempo.</p><p>O Suéter Dicaprio é de <strong>tricô de algodão</strong> com <strong>meio zíper</strong>, punhos e barra canelados. Estilo old money, em <strong>quatro cores</strong> para variar o visual.</p><p><strong>Destaques</strong></p><ul><li><strong>Meio zíper</strong> na gola alta</li><li><strong>Tricô de algodão</strong> com punhos e barra canelados</li><li><strong>Quatro cores</strong>: azul-marinho, azul-celeste, preto e cinza</li><li><strong>Ótimo em camadas</strong>, por cima de camisa ou polo</li></ul><p><strong>Quando usar:</strong> Para a meia-estação, viagens, jantares e o escritório.</p><p><strong>Cores disponíveis:</strong> azul-marinho, azul-celeste, preto e cinza.</p><p><strong>Ficha técnica</strong><br>Material: Algodão<br>Modelo: Meio zíper<br>Tamanhos: P, M, G e GG</p>",sim,sim,nao,Asa Delta Store,Roupas>Alfaiataria>Suéteres,,,,,Cor:Azul-marinho;Tamanho:M,,,,,,,nao,sim,,,,,,,,,,nao,,,,,sim,https://raw.githubusercontent.com/BielPB/vaide13ou22/main/yampi/fotos/ALF-DICAPRIO-AZULMARINHO.jpg,Suéter de Tricô Dicaprio | Asa Delta Store,"Suéter de Tricô Dicaprio. Cores: azul-marinho, azul-celeste, preto, cinza. Tamanhos: P, M, G, GG.",,,
sueter-tricot-dicaprio,ALF-DICAPRIO-AZULMARINHO-G,Suéter de Tricô Dicaprio,"<p>Conforto e estilo para as mudanças de tempo.</p><p>O Suéter Dicaprio é de <strong>tricô de algodão</strong> com <strong>meio zíper</strong>, punhos e barra canelados. Estilo old money, em <strong>quatro cores</strong> para variar o visual.</p><p><strong>Destaques</strong></p><ul><li><strong>Meio zíper</strong> na gola alta</li><li><strong>Tricô de algodão</strong> com punhos e barra canelados</li><li><strong>Quatro cores</strong>: azul-marinho, azul-celeste, preto e cinza</li><li><strong>Ótimo em camadas</strong>, por cima de camisa ou polo</li></ul><p><strong>Quando usar:</strong> Para a meia-estação, viagens, jantares e o escritório.</p><p><strong>Cores disponíveis:</strong> azul-marinho, azul-celeste, preto e cinza.</p><p><strong>Ficha técnica</strong><br>Material: Algodão<br>Modelo: Meio zíper<br>Tamanhos: P, M, G e GG</p>",sim,sim,nao,Asa Delta Store,Roupas>Alfaiataria>Suéteres,,,,,Cor:Azul-marinho;Tamanho:G,,,,,,,nao,sim,,,,,,,,,,nao,,,,,sim,https://raw.githubusercontent.com/BielPB/vaide13ou22/main/yampi/fotos/ALF-DICAPRIO-AZULMARINHO.jpg,Suéter de Tricô Dicaprio | Asa Delta Store,"Suéter de Tricô Dicaprio. Cores: azul-marinho, azul-celeste, preto, cinza. Tamanhos: P, M, G, GG.",,,
sueter-tricot-dicaprio,ALF-DICAPRIO-AZULMARINHO-GG,Suéter de Tricô Dicaprio,"<p>Conforto e estilo para as mudanças de tempo.</p><p>O Suéter Dicaprio é de <strong>tricô de algodão</strong> com <strong>meio zíper</strong>, punhos e barra canelados. Estilo old money, em <strong>quatro cores</strong> para variar o visual.</p><p><strong>Destaques</strong></p><ul><li><strong>Meio zíper</strong> na gola alta</li><li><strong>Tricô de algodão</strong> com punhos e barra canelados</li><li><strong>Quatro cores</strong>: azul-marinho, azul-celeste, preto e cinza</li><li><strong>Ótimo em camadas</strong>, por cima de camisa ou polo</li></ul><p><strong>Quando usar:</strong> Para a meia-estação, viagens, jantares e o escritório.</p><p><strong>Cores disponíveis:</strong> azul-marinho, azul-celeste, preto e cinza.</p><p><strong>Ficha técnica</strong><br>Material: Algodão<br>Modelo: Meio zíper<br>Tamanhos: P, M, G e GG</p>",sim,sim,nao,Asa Delta Store,Roupas>Alfaiataria>Suéteres,,,,,Cor:Azul-marinho;Tamanho:GG,,,,,,,nao,sim,,,,,,,,,,nao,,,,,sim,https://raw.githubusercontent.com/BielPB/vaide13ou22/main/yampi/fotos/ALF-DICAPRIO-AZULMARINHO.jpg,Suéter de Tricô Dicaprio | Asa Delta Store,"Suéter de Tricô Dicaprio. Cores: azul-marinho, azul-celeste, preto, cinza. Tamanhos: P, M, G, GG.",,,
sueter-tricot-dicaprio,ALF-DICAPRIO-AZULCELESTE-P,Suéter de Tricô Dicaprio,"<p>Conforto e estilo para as mudanças de tempo.</p><p>O Suéter Dicaprio é de <strong>tricô de algodão</strong> com <strong>meio zíper</strong>, punhos e barra canelados. Estilo old money, em <strong>quatro cores</strong> para variar o visual.</p><p><strong>Destaques</strong></p><ul><li><strong>Meio zíper</strong> na gola alta</li><li><strong>Tricô de algodão</strong> com punhos e barra canelados</li><li><strong>Quatro cores</strong>: azul-marinho, azul-celeste, preto e cinza</li><li><strong>Ótimo em camadas</strong>, por cima de camisa ou polo</li></ul><p><strong>Quando usar:</strong> Para a meia-estação, viagens, jantares e o escritório.</p><p><strong>Cores disponíveis:</strong> azul-marinho, azul-celeste, preto e cinza.</p><p><strong>Ficha técnica</strong><br>Material: Algodão<br>Modelo: Meio zíper<br>Tamanhos: P, M, G e GG</p>",sim,sim,nao,Asa Delta Store,Roupas>Alfaiataria>Suéteres,,,,,Cor:Azul-celeste;Tamanho:P,,,,,,,nao,sim,,,,,,,,,,nao,,,,,sim,https://raw.githubusercontent.com/BielPB/vaide13ou22/main/yampi/fotos/ALF-DICAPRIO-AZULCELESTE.jpg,Suéter de Tricô Dicaprio | Asa Delta Store,"Suéter de Tricô Dicaprio. Cores: azul-marinho, azul-celeste, preto, cinza. Tamanhos: P, M, G, GG.",,,
sueter-tricot-dicaprio,ALF-DICAPRIO-AZULCELESTE-M,Suéter de Tricô Dicaprio,"<p>Conforto e estilo para as mudanças de tempo.</p><p>O Suéter Dicaprio é de <strong>tricô de algodão</strong> com <strong>meio zíper</strong>, punhos e barra canelados. Estilo old money, em <strong>quatro cores</strong> para variar o visual.</p><p><strong>Destaques</strong></p><ul><li><strong>Meio zíper</strong> na gola alta</li><li><strong>Tricô de algodão</strong> com punhos e barra canelados</li><li><strong>Quatro cores</strong>: azul-marinho, azul-celeste, preto e cinza</li><li><strong>Ótimo em camadas</strong>, por cima de camisa ou polo</li></ul><p><strong>Quando usar:</strong> Para a meia-estação, viagens, jantares e o escritório.</p><p><strong>Cores disponíveis:</strong> azul-marinho, azul-celeste, preto e cinza.</p><p><strong>Ficha técnica</strong><br>Material: Algodão<br>Modelo: Meio zíper<br>Tamanhos: P, M, G e GG</p>",sim,sim,nao,Asa Delta Store,Roupas>Alfaiataria>Suéteres,,,,,Cor:Azul-celeste;Tamanho:M,,,,,,,nao,sim,,,,,,,,,,nao,,,,,sim,https://raw.githubusercontent.com/BielPB/vaide13ou22/main/yampi/fotos/ALF-DICAPRIO-AZULCELESTE.jpg,Suéter de Tricô Dicaprio | Asa Delta Store,"Suéter de Tricô Dicaprio. Cores: azul-marinho, azul-celeste, preto, cinza. Tamanhos: P, M, G, GG.",,,
sueter-tricot-dicaprio,ALF-DICAPRIO-AZULCELESTE-G,Suéter de Tricô Dicaprio,"<p>Conforto e estilo para as mudanças de tempo.</p><p>O Suéter Dicaprio é de <strong>tricô de algodão</strong> com <strong>meio zíper</strong>, punhos e barra canelados. Estilo old money, em <strong>quatro cores</strong> para variar o visual.</p><p><strong>Destaques</strong></p><ul><li><strong>Meio zíper</strong> na gola alta</li><li><strong>Tricô de algodão</strong> com punhos e barra canelados</li><li><strong>Quatro cores</strong>: azul-marinho, azul-celeste, preto e cinza</li><li><strong>Ótimo em camadas</strong>, por cima de camisa ou polo</li></ul><p><strong>Quando usar:</strong> Para a meia-estação, viagens, jantares e o escritório.</p><p><strong>Cores disponíveis:</strong> azul-marinho, azul-celeste, preto e cinza.</p><p><strong>Ficha técnica</strong><br>Material: Algodão<br>Modelo: Meio zíper<br>Tamanhos: P, M, G e GG</p>",sim,sim,nao,Asa Delta Store,Roupas>Alfaiataria>Suéteres,,,,,Cor:Azul-celeste;Tamanho:G,,,,,,,nao,sim,,,,,,,,,,nao,,,,,sim,https://raw.githubusercontent.com/BielPB/vaide13ou22/main/yampi/fotos/ALF-DICAPRIO-AZULCELESTE.jpg,Suéter de Tricô Dicaprio | Asa Delta Store,"Suéter de Tricô Dicaprio. Cores: azul-marinho, azul-celeste, preto, cinza. Tamanhos: P, M, G, GG.",,,
sueter-tricot-dicaprio,ALF-DICAPRIO-AZULCELESTE-GG,Suéter de Tricô Dicaprio,"<p>Conforto e estilo para as mudanças de tempo.</p><p>O Suéter Dicaprio é de <strong>tricô de algodão</strong> com <strong>meio zíper</strong>, punhos e barra canelados. Estilo old money, em <strong>quatro cores</strong> para variar o visual.</p><p><strong>Destaques</strong></p><ul><li><strong>Meio zíper</strong> na gola alta</li><li><strong>Tricô de algodão</strong> com punhos e barra canelados</li><li><strong>Quatro cores</strong>: azul-marinho, azul-celeste, preto e cinza</li><li><strong>Ótimo em camadas</strong>, por cima de camisa ou polo</li></ul><p><strong>Quando usar:</strong> Para a meia-estação, viagens, jantares e o escritório.</p><p><strong>Cores disponíveis:</strong> azul-marinho, azul-celeste, preto e cinza.</p><p><strong>Ficha técnica</strong><br>Material: Algodão<br>Modelo: Meio zíper<br>Tamanhos: P, M, G e GG</p>",sim,sim,nao,Asa Delta Store,Roupas>Alfaiataria>Suéteres,,,,,Cor:Azul-celeste;Tamanho:GG,,,,,,,nao,sim,,,,,,,,,,nao,,,,,sim,https://raw.githubusercontent.com/BielPB/vaide13ou22/main/yampi/fotos/ALF-DICAPRIO-AZULCELESTE.jpg,Suéter de Tricô Dicaprio | Asa Delta Store,"Suéter de Tricô Dicaprio. Cores: azul-marinho, azul-celeste, preto, cinza. Tamanhos: P, M, G, GG.",,,
sueter-tricot-dicaprio,ALF-DICAPRIO-PRETO-P,Suéter de Tricô Dicaprio,"<p>Conforto e estilo para as mudanças de tempo.</p><p>O Suéter Dicaprio é de <strong>tricô de algodão</strong> com <strong>meio zíper</strong>, punhos e barra canelados. Estilo old money, em <strong>quatro cores</strong> para variar o visual.</p><p><strong>Destaques</strong></p><ul><li><strong>Meio zíper</strong> na gola alta</li><li><strong>Tricô de algodão</strong> com punhos e barra canelados</li><li><strong>Quatro cores</strong>: azul-marinho, azul-celeste, preto e cinza</li><li><strong>Ótimo em camadas</strong>, por cima de camisa ou polo</li></ul><p><strong>Quando usar:</strong> Para a meia-estação, viagens, jantares e o escritório.</p><p><strong>Cores disponíveis:</strong> azul-marinho, azul-celeste, preto e cinza.</p><p><strong>Ficha técnica</strong><br>Material: Algodão<br>Modelo: Meio zíper<br>Tamanhos: P, M, G e GG</p>",sim,sim,nao,Asa Delta Store,Roupas>Alfaiataria>Suéteres,,,,,Cor:Preto;Tamanho:P,,,,,,,nao,sim,,,,,,,,,,nao,,,,,sim,https://raw.githubusercontent.com/BielPB/vaide13ou22/main/yampi/fotos/ALF-DICAPRIO-PRETO.jpg,Suéter de Tricô Dicaprio | Asa Delta Store,"Suéter de Tricô Dicaprio. Cores: azul-marinho, azul-celeste, preto, cinza. Tamanhos: P, M, G, GG.",,,
sueter-tricot-dicaprio,ALF-DICAPRIO-PRETO-M,Suéter de Tricô Dicaprio,"<p>Conforto e estilo para as mudanças de tempo.</p><p>O Suéter Dicaprio é de <strong>tricô de algodão</strong> com <strong>meio zíper</strong>, punhos e barra canelados. Estilo old money, em <strong>quatro cores</strong> para variar o visual.</p><p><strong>Destaques</strong></p><ul><li><strong>Meio zíper</strong> na gola alta</li><li><strong>Tricô de algodão</strong> com punhos e barra canelados</li><li><strong>Quatro cores</strong>: azul-marinho, azul-celeste, preto e cinza</li><li><strong>Ótimo em camadas</strong>, por cima de camisa ou polo</li></ul><p><strong>Quando usar:</strong> Para a meia-estação, viagens, jantares e o escritório.</p><p><strong>Cores disponíveis:</strong> azul-marinho, azul-celeste, preto e cinza.</p><p><strong>Ficha técnica</strong><br>Material: Algodão<br>Modelo: Meio zíper<br>Tamanhos: P, M, G e GG</p>",sim,sim,nao,Asa Delta Store,Roupas>Alfaiataria>Suéteres,,,,,Cor:Preto;Tamanho:M,,,,,,,nao,sim,,,,,,,,,,nao,,,,,sim,https://raw.githubusercontent.com/BielPB/vaide13ou22/main/yampi/fotos/ALF-DICAPRIO-PRETO.jpg,Suéter de Tricô Dicaprio | Asa Delta Store,"Suéter de Tricô Dicaprio. Cores: azul-marinho, azul-celeste, preto, cinza. Tamanhos: P, M, G, GG.",,,
sueter-tricot-dicaprio,ALF-DICAPRIO-PRETO-G,Suéter de Tricô Dicaprio,"<p>Conforto e estilo para as mudanças de tempo.</p><p>O Suéter Dicaprio é de <strong>tricô de algodão</strong> com <strong>meio zíper</strong>, punhos e barra canelados. Estilo old money, em <strong>quatro cores</strong> para variar o visual.</p><p><strong>Destaques</strong></p><ul><li><strong>Meio zíper</strong> na gola alta</li><li><strong>Tricô de algodão</strong> com punhos e barra canelados</li><li><strong>Quatro cores</strong>: azul-marinho, azul-celeste, preto e cinza</li><li><strong>Ótimo em camadas</strong>, por cima de camisa ou polo</li></ul><p><strong>Quando usar:</strong> Para a meia-estação, viagens, jantares e o escritório.</p><p><strong>Cores disponíveis:</strong> azul-marinho, azul-celeste, preto e cinza.</p><p><strong>Ficha técnica</strong><br>Material: Algodão<br>Modelo: Meio zíper<br>Tamanhos: P, M, G e GG</p>",sim,sim,nao,Asa Delta Store,Roupas>Alfaiataria>Suéteres,,,,,Cor:Preto;Tamanho:G,,,,,,,nao,sim,,,,,,,,,,nao,,,,,sim,https://raw.githubusercontent.com/BielPB/vaide13ou22/main/yampi/fotos/ALF-DICAPRIO-PRETO.jpg,Suéter de Tricô Dicaprio | Asa Delta Store,"Suéter de Tricô Dicaprio. Cores: azul-marinho, azul-celeste, preto, cinza. Tamanhos: P, M, G, GG.",,,
sueter-tricot-dicaprio,ALF-DICAPRIO-PRETO-GG,Suéter de Tricô Dicaprio,"<p>Conforto e estilo para as mudanças de tempo.</p><p>O Suéter Dicaprio é de <strong>tricô de algodão</strong> com <strong>meio zíper</strong>, punhos e barra canelados. Estilo old money, em <strong>quatro cores</strong> para variar o visual.</p><p><strong>Destaques</strong></p><ul><li><strong>Meio zíper</strong> na gola alta</li><li><strong>Tricô de algodão</strong> com punhos e barra canelados</li><li><strong>Quatro cores</strong>: azul-marinho, azul-celeste, preto e cinza</li><li><strong>Ótimo em camadas</strong>, por cima de camisa ou polo</li></ul><p><strong>Quando usar:</strong> Para a meia-estação, viagens, jantares e o escritório.</p><p><strong>Cores disponíveis:</strong> azul-marinho, azul-celeste, preto e cinza.</p><p><strong>Ficha técnica</strong><br>Material: Algodão<br>Modelo: Meio zíper<br>Tamanhos: P, M, G e GG</p>",sim,sim,nao,Asa Delta Store,Roupas>Alfaiataria>Suéteres,,,,,Cor:Preto;Tamanho:GG,,,,,,,nao,sim,,,,,,,,,,nao,,,,,sim,https://raw.githubusercontent.com/BielPB/vaide13ou22/main/yampi/fotos/ALF-DICAPRIO-PRETO.jpg,Suéter de Tricô Dicaprio | Asa Delta Store,"Suéter de Tricô Dicaprio. Cores: azul-marinho, azul-celeste, preto, cinza. Tamanhos: P, M, G, GG.",,,
sueter-tricot-dicaprio,ALF-DICAPRIO-CINZA-P,Suéter de Tricô Dicaprio,"<p>Conforto e estilo para as mudanças de tempo.</p><p>O Suéter Dicaprio é de <strong>tricô de algodão</strong> com <strong>meio zíper</strong>, punhos e barra canelados. Estilo old money, em <strong>quatro cores</strong> para variar o visual.</p><p><strong>Destaques</strong></p><ul><li><strong>Meio zíper</strong> na gola alta</li><li><strong>Tricô de algodão</strong> com punhos e barra canelados</li><li><strong>Quatro cores</strong>: azul-marinho, azul-celeste, preto e cinza</li><li><strong>Ótimo em camadas</strong>, por cima de camisa ou polo</li></ul><p><strong>Quando usar:</strong> Para a meia-estação, viagens, jantares e o escritório.</p><p><strong>Cores disponíveis:</strong> azul-marinho, azul-celeste, preto e cinza.</p><p><strong>Ficha técnica</strong><br>Material: Algodão<br>Modelo: Meio zíper<br>Tamanhos: P, M, G e GG</p>",sim,sim,nao,Asa Delta Store,Roupas>Alfaiataria>Suéteres,,,,,Cor:Cinza;Tamanho:P,,,,,,,nao,sim,,,,,,,,,,nao,,,,,sim,https://raw.githubusercontent.com/BielPB/vaide13ou22/main/yampi/fotos/ALF-DICAPRIO-CINZA.jpg,Suéter de Tricô Dicaprio | Asa Delta Store,"Suéter de Tricô Dicaprio. Cores: azul-marinho, azul-celeste, preto, cinza. Tamanhos: P, M, G, GG.",,,
sueter-tricot-dicaprio,ALF-DICAPRIO-CINZA-M,Suéter de Tricô Dicaprio,"<p>Conforto e estilo para as mudanças de tempo.</p><p>O Suéter Dicaprio é de <strong>tricô de algodão</strong> com <strong>meio zíper</strong>, punhos e barra canelados. Estilo old money, em <strong>quatro cores</strong> para variar o visual.</p><p><strong>Destaques</strong></p><ul><li><strong>Meio zíper</strong> na gola alta</li><li><strong>Tricô de algodão</strong> com punhos e barra canelados</li><li><strong>Quatro cores</strong>: azul-marinho, azul-celeste, preto e cinza</li><li><strong>Ótimo em camadas</strong>, por cima de camisa ou polo</li></ul><p><strong>Quando usar:</strong> Para a meia-estação, viagens, jantares e o escritório.</p><p><strong>Cores disponíveis:</strong> azul-marinho, azul-celeste, preto e cinza.</p><p><strong>Ficha técnica</strong><br>Material: Algodão<br>Modelo: Meio zíper<br>Tamanhos: P, M, G e GG</p>",sim,sim,nao,Asa Delta Store,Roupas>Alfaiataria>Suéteres,,,,,Cor:Cinza;Tamanho:M,,,,,,,nao,sim,,,,,,,,,,nao,,,,,sim,https://raw.githubusercontent.com/BielPB/vaide13ou22/main/yampi/fotos/ALF-DICAPRIO-CINZA.jpg,Suéter de Tricô Dicaprio | Asa Delta Store,"Suéter de Tricô Dicaprio. Cores: azul-marinho, azul-celeste, preto, cinza. Tamanhos: P, M, G, GG.",,,
sueter-tricot-dicaprio,ALF-DICAPRIO-CINZA-G,Suéter de Tricô Dicaprio,"<p>Conforto e estilo para as mudanças de tempo.</p><p>O Suéter Dicaprio é de <strong>tricô de algodão</strong> com <strong>meio zíper</strong>, punhos e barra canelados. Estilo old money, em <strong>quatro cores</strong> para variar o visual.</p><p><strong>Destaques</strong></p><ul><li><strong>Meio zíper</strong> na gola alta</li><li><strong>Tricô de algodão</strong> com punhos e barra canelados</li><li><strong>Quatro cores</strong>: azul-marinho, azul-celeste, preto e cinza</li><li><strong>Ótimo em camadas</strong>, por cima de camisa ou polo</li></ul><p><strong>Quando usar:</strong> Para a meia-estação, viagens, jantares e o escritório.</p><p><strong>Cores disponíveis:</strong> azul-marinho, azul-celeste, preto e cinza.</p><p><strong>Ficha técnica</strong><br>Material: Algodão<br>Modelo: Meio zíper<br>Tamanhos: P, M, G e GG</p>",sim,sim,nao,Asa Delta Store,Roupas>Alfaiataria>Suéteres,,,,,Cor:Cinza;Tamanho:G,,,,,,,nao,sim,,,,,,,,,,nao,,,,,sim,https://raw.githubusercontent.com/BielPB/vaide13ou22/main/yampi/fotos/ALF-DICAPRIO-CINZA.jpg,Suéter de Tricô Dicaprio | Asa Delta Store,"Suéter de Tricô Dicaprio. Cores: azul-marinho, azul-celeste, preto, cinza. Tamanhos: P, M, G, GG.",,,
sueter-tricot-dicaprio,ALF-DICAPRIO-CINZA-GG,Suéter de Tricô Dicaprio,"<p>Conforto e estilo para as mudanças de tempo.</p><p>O Suéter Dicaprio é de <strong>tricô de algodão</strong> com <strong>meio zíper</strong>, punhos e barra canelados. Estilo old money, em <strong>quatro cores</strong> para variar o visual.</p><p><strong>Destaques</strong></p><ul><li><strong>Meio zíper</strong> na gola alta</li><li><strong>Tricô de algodão</strong> com punhos e barra canelados</li><li><strong>Quatro cores</strong>: azul-marinho, azul-celeste, preto e cinza</li><li><strong>Ótimo em camadas</strong>, por cima de camisa ou polo</li></ul><p><strong>Quando usar:</strong> Para a meia-estação, viagens, jantares e o escritório.</p><p><strong>Cores disponíveis:</strong> azul-marinho, azul-celeste, preto e cinza.</p><p><strong>Ficha técnica</strong><br>Material: Algodão<br>Modelo: Meio zíper<br>Tamanhos: P, M, G e GG</p>",sim,sim,nao,Asa Delta Store,Roupas>Alfaiataria>Suéteres,,,,,Cor:Cinza;Tamanho:GG,,,,,,,nao,sim,,,,,,,,,,nao,,,,,sim,https://raw.githubusercontent.com/BielPB/vaide13ou22/main/yampi/fotos/ALF-DICAPRIO-CINZA.jpg,Suéter de Tricô Dicaprio | Asa Delta Store,"Suéter de Tricô Dicaprio. Cores: azul-marinho, azul-celeste, preto, cinza. Tamanhos: P, M, G, GG.",,,
camisa-san-tropez-texturizada,ALF-SANTROPEZ-BRANCO-P,Camisa San'Tropez Texturizada,"<p>Elegância e conforto numa peça que traduz sofisticação para qualquer ocasião.</p><p>A Camisa San'Tropez tem <strong>tecido texturizado</strong>, que dá personalidade ao visual, com <strong>manga curta, gola aberta e botões</strong>.</p><p><strong>Destaques</strong></p><ul><li><strong>Textura diferenciada</strong>, com personalidade</li><li><strong>Toque suave</strong> e acabamento caprichado</li><li><strong>Caimento</strong> que valoriza a silhueta e deixa os movimentos livres</li><li><strong>Versátil</strong>: do casual ao arrumado</li></ul><p><strong>Quando usar:</strong> Para o verão, happy hour, viagens e eventos casuais.</p><p><strong>Cores disponíveis:</strong> branco e preto.</p><p><strong>Ficha técnica</strong><br>Manga: Curta<br>Tamanhos: P, M, G e GG</p>",sim,sim,nao,Asa Delta Store,Roupas>Alfaiataria>Camisas e regatas,,,,,Cor:Branco;Tamanho:P,,,,,,,nao,sim,,,,,,,,,,nao,,,,,sim,https://raw.githubusercontent.com/BielPB/vaide13ou22/main/yampi/fotos/ALF-SANTROPEZ-BRANCO.jpg,Camisa San'Tropez Texturizada | Asa Delta Store,"Camisa San'Tropez Texturizada. Cores: branco, preto. Tamanhos: P, M, G, GG.",,,
camisa-san-tropez-texturizada,ALF-SANTROPEZ-BRANCO-M,Camisa San'Tropez Texturizada,"<p>Elegância e conforto numa peça que traduz sofisticação para qualquer ocasião.</p><p>A Camisa San'Tropez tem <strong>tecido texturizado</strong>, que dá personalidade ao visual, com <strong>manga curta, gola aberta e botões</strong>.</p><p><strong>Destaques</strong></p><ul><li><strong>Textura diferenciada</strong>, com personalidade</li><li><strong>Toque suave</strong> e acabamento caprichado</li><li><strong>Caimento</strong> que valoriza a silhueta e deixa os movimentos livres</li><li><strong>Versátil</strong>: do casual ao arrumado</li></ul><p><strong>Quando usar:</strong> Para o verão, happy hour, viagens e eventos casuais.</p><p><strong>Cores disponíveis:</strong> branco e preto.</p><p><strong>Ficha técnica</strong><br>Manga: Curta<br>Tamanhos: P, M, G e GG</p>",sim,sim,nao,Asa Delta Store,Roupas>Alfaiataria>Camisas e regatas,,,,,Cor:Branco;Tamanho:M,,,,,,,nao,sim,,,,,,,,,,nao,,,,,sim,https://raw.githubusercontent.com/BielPB/vaide13ou22/main/yampi/fotos/ALF-SANTROPEZ-BRANCO.jpg,Camisa San'Tropez Texturizada | Asa Delta Store,"Camisa San'Tropez Texturizada. Cores: branco, preto. Tamanhos: P, M, G, GG.",,,
camisa-san-tropez-texturizada,ALF-SANTROPEZ-BRANCO-G,Camisa San'Tropez Texturizada,"<p>Elegância e conforto numa peça que traduz sofisticação para qualquer ocasião.</p><p>A Camisa San'Tropez tem <strong>tecido texturizado</strong>, que dá personalidade ao visual, com <strong>manga curta, gola aberta e botões</strong>.</p><p><strong>Destaques</strong></p><ul><li><strong>Textura diferenciada</strong>, com personalidade</li><li><strong>Toque suave</strong> e acabamento caprichado</li><li><strong>Caimento</strong> que valoriza a silhueta e deixa os movimentos livres</li><li><strong>Versátil</strong>: do casual ao arrumado</li></ul><p><strong>Quando usar:</strong> Para o verão, happy hour, viagens e eventos casuais.</p><p><strong>Cores disponíveis:</strong> branco e preto.</p><p><strong>Ficha técnica</strong><br>Manga: Curta<br>Tamanhos: P, M, G e GG</p>",sim,sim,nao,Asa Delta Store,Roupas>Alfaiataria>Camisas e regatas,,,,,Cor:Branco;Tamanho:G,,,,,,,nao,sim,,,,,,,,,,nao,,,,,sim,https://raw.githubusercontent.com/BielPB/vaide13ou22/main/yampi/fotos/ALF-SANTROPEZ-BRANCO.jpg,Camisa San'Tropez Texturizada | Asa Delta Store,"Camisa San'Tropez Texturizada. Cores: branco, preto. Tamanhos: P, M, G, GG.",,,
camisa-san-tropez-texturizada,ALF-SANTROPEZ-BRANCO-GG,Camisa San'Tropez Texturizada,"<p>Elegância e conforto numa peça que traduz sofisticação para qualquer ocasião.</p><p>A Camisa San'Tropez tem <strong>tecido texturizado</strong>, que dá personalidade ao visual, com <strong>manga curta, gola aberta e botões</strong>.</p><p><strong>Destaques</strong></p><ul><li><strong>Textura diferenciada</strong>, com personalidade</li><li><strong>Toque suave</strong> e acabamento caprichado</li><li><strong>Caimento</strong> que valoriza a silhueta e deixa os movimentos livres</li><li><strong>Versátil</strong>: do casual ao arrumado</li></ul><p><strong>Quando usar:</strong> Para o verão, happy hour, viagens e eventos casuais.</p><p><strong>Cores disponíveis:</strong> branco e preto.</p><p><strong>Ficha técnica</strong><br>Manga: Curta<br>Tamanhos: P, M, G e GG</p>",sim,sim,nao,Asa Delta Store,Roupas>Alfaiataria>Camisas e regatas,,,,,Cor:Branco;Tamanho:GG,,,,,,,nao,sim,,,,,,,,,,nao,,,,,sim,https://raw.githubusercontent.com/BielPB/vaide13ou22/main/yampi/fotos/ALF-SANTROPEZ-BRANCO.jpg,Camisa San'Tropez Texturizada | Asa Delta Store,"Camisa San'Tropez Texturizada. Cores: branco, preto. Tamanhos: P, M, G, GG.",,,
camisa-san-tropez-texturizada,ALF-SANTROPEZ-PRETO-P,Camisa San'Tropez Texturizada,"<p>Elegância e conforto numa peça que traduz sofisticação para qualquer ocasião.</p><p>A Camisa San'Tropez tem <strong>tecido texturizado</strong>, que dá personalidade ao visual, com <strong>manga curta, gola aberta e botões</strong>.</p><p><strong>Destaques</strong></p><ul><li><strong>Textura diferenciada</strong>, com personalidade</li><li><strong>Toque suave</strong> e acabamento caprichado</li><li><strong>Caimento</strong> que valoriza a silhueta e deixa os movimentos livres</li><li><strong>Versátil</strong>: do casual ao arrumado</li></ul><p><strong>Quando usar:</strong> Para o verão, happy hour, viagens e eventos casuais.</p><p><strong>Cores disponíveis:</strong> branco e preto.</p><p><strong>Ficha técnica</strong><br>Manga: Curta<br>Tamanhos: P, M, G e GG</p>",sim,sim,nao,Asa Delta Store,Roupas>Alfaiataria>Camisas e regatas,,,,,Cor:Preto;Tamanho:P,,,,,,,nao,sim,,,,,,,,,,nao,,,,,sim,https://raw.githubusercontent.com/BielPB/vaide13ou22/main/yampi/fotos/ALF-SANTROPEZ-PRETO.jpg,Camisa San'Tropez Texturizada | Asa Delta Store,"Camisa San'Tropez Texturizada. Cores: branco, preto. Tamanhos: P, M, G, GG.",,,
camisa-san-tropez-texturizada,ALF-SANTROPEZ-PRETO-M,Camisa San'Tropez Texturizada,"<p>Elegância e conforto numa peça que traduz sofisticação para qualquer ocasião.</p><p>A Camisa San'Tropez tem <strong>tecido texturizado</strong>, que dá personalidade ao visual, com <strong>manga curta, gola aberta e botões</strong>.</p><p><strong>Destaques</strong></p><ul><li><strong>Textura diferenciada</strong>, com personalidade</li><li><strong>Toque suave</strong> e acabamento caprichado</li><li><strong>Caimento</strong> que valoriza a silhueta e deixa os movimentos livres</li><li><strong>Versátil</strong>: do casual ao arrumado</li></ul><p><strong>Quando usar:</strong> Para o verão, happy hour, viagens e eventos casuais.</p><p><strong>Cores disponíveis:</strong> branco e preto.</p><p><strong>Ficha técnica</strong><br>Manga: Curta<br>Tamanhos: P, M, G e GG</p>",sim,sim,nao,Asa Delta Store,Roupas>Alfaiataria>Camisas e regatas,,,,,Cor:Preto;Tamanho:M,,,,,,,nao,sim,,,,,,,,,,nao,,,,,sim,https://raw.githubusercontent.com/BielPB/vaide13ou22/main/yampi/fotos/ALF-SANTROPEZ-PRETO.jpg,Camisa San'Tropez Texturizada | Asa Delta Store,"Camisa San'Tropez Texturizada. Cores: branco, preto. Tamanhos: P, M, G, GG.",,,
camisa-san-tropez-texturizada,ALF-SANTROPEZ-PRETO-G,Camisa San'Tropez Texturizada,"<p>Elegância e conforto numa peça que traduz sofisticação para qualquer ocasião.</p><p>A Camisa San'Tropez tem <strong>tecido texturizado</strong>, que dá personalidade ao visual, com <strong>manga curta, gola aberta e botões</strong>.</p><p><strong>Destaques</strong></p><ul><li><strong>Textura diferenciada</strong>, com personalidade</li><li><strong>Toque suave</strong> e acabamento caprichado</li><li><strong>Caimento</strong> que valoriza a silhueta e deixa os movimentos livres</li><li><strong>Versátil</strong>: do casual ao arrumado</li></ul><p><strong>Quando usar:</strong> Para o verão, happy hour, viagens e eventos casuais.</p><p><strong>Cores disponíveis:</strong> branco e preto.</p><p><strong>Ficha técnica</strong><br>Manga: Curta<br>Tamanhos: P, M, G e GG</p>",sim,sim,nao,Asa Delta Store,Roupas>Alfaiataria>Camisas e regatas,,,,,Cor:Preto;Tamanho:G,,,,,,,nao,sim,,,,,,,,,,nao,,,,,sim,https://raw.githubusercontent.com/BielPB/vaide13ou22/main/yampi/fotos/ALF-SANTROPEZ-PRETO.jpg,Camisa San'Tropez Texturizada | Asa Delta Store,"Camisa San'Tropez Texturizada. Cores: branco, preto. Tamanhos: P, M, G, GG.",,,
camisa-san-tropez-texturizada,ALF-SANTROPEZ-PRETO-GG,Camisa San'Tropez Texturizada,"<p>Elegância e conforto numa peça que traduz sofisticação para qualquer ocasião.</p><p>A Camisa San'Tropez tem <strong>tecido texturizado</strong>, que dá personalidade ao visual, com <strong>manga curta, gola aberta e botões</strong>.</p><p><strong>Destaques</strong></p><ul><li><strong>Textura diferenciada</strong>, com personalidade</li><li><strong>Toque suave</strong> e acabamento caprichado</li><li><strong>Caimento</strong> que valoriza a silhueta e deixa os movimentos livres</li><li><strong>Versátil</strong>: do casual ao arrumado</li></ul><p><strong>Quando usar:</strong> Para o verão, happy hour, viagens e eventos casuais.</p><p><strong>Cores disponíveis:</strong> branco e preto.</p><p><strong>Ficha técnica</strong><br>Manga: Curta<br>Tamanhos: P, M, G e GG</p>",sim,sim,nao,Asa Delta Store,Roupas>Alfaiataria>Camisas e regatas,,,,,Cor:Preto;Tamanho:GG,,,,,,,nao,sim,,,,,,,,,,nao,,,,,sim,https://raw.githubusercontent.com/BielPB/vaide13ou22/main/yampi/fotos/ALF-SANTROPEZ-PRETO.jpg,Camisa San'Tropez Texturizada | Asa Delta Store,"Camisa San'Tropez Texturizada. Cores: branco, preto. Tamanhos: P, M, G, GG.",,,
camisa-polo-tricot-texturizada,ALF-POLO-BRANCO-P,Camisa Polo de Tricô Texturizada,"<p>Elegância e conforto numa peça que traduz sofisticação para qualquer ocasião.</p><p>A Camisa Polo de Tricô tem <strong>textura com nervuras verticais</strong>, <strong>gola polo</strong> e <strong>manga curta</strong>. Fica ótima com calça de alfaiataria ou jeans.</p><p><strong>Destaques</strong></p><ul><li><strong>Tricô texturizado</strong>, com nervuras verticais</li><li><strong>Gola polo</strong> e manga curta</li><li><strong>Caimento</strong> que valoriza a silhueta e deixa os movimentos livres</li><li><strong>Versátil</strong>: do casual ao arrumado</li></ul><p><strong>Quando usar:</strong> Para o dia a dia, o trabalho, jantares e passeios.</p><p><strong>Cores disponíveis:</strong> branco e preto.</p><p><strong>Ficha técnica</strong><br>Gola: Polo<br>Manga: Curta<br>Tamanhos: P, M, G e GG</p>",sim,sim,nao,Asa Delta Store,Roupas>Alfaiataria>Camisas e regatas,,,,,Cor:Branco;Tamanho:P,,,,,,,nao,sim,,,,,,,,,,nao,,,,,sim,https://raw.githubusercontent.com/BielPB/vaide13ou22/main/yampi/fotos/ALF-POLO-BRANCO.jpg,Camisa Polo de Tricô Texturizada | Asa Delta Store,"Camisa Polo de Tricô Texturizada. Cores: branco, preto. Tamanhos: P, M, G, GG.",,,
camisa-polo-tricot-texturizada,ALF-POLO-BRANCO-M,Camisa Polo de Tricô Texturizada,"<p>Elegância e conforto numa peça que traduz sofisticação para qualquer ocasião.</p><p>A Camisa Polo de Tricô tem <strong>textura com nervuras verticais</strong>, <strong>gola polo</strong> e <strong>manga curta</strong>. Fica ótima com calça de alfaiataria ou jeans.</p><p><strong>Destaques</strong></p><ul><li><strong>Tricô texturizado</strong>, com nervuras verticais</li><li><strong>Gola polo</strong> e manga curta</li><li><strong>Caimento</strong> que valoriza a silhueta e deixa os movimentos livres</li><li><strong>Versátil</strong>: do casual ao arrumado</li></ul><p><strong>Quando usar:</strong> Para o dia a dia, o trabalho, jantares e passeios.</p><p><strong>Cores disponíveis:</strong> branco e preto.</p><p><strong>Ficha técnica</strong><br>Gola: Polo<br>Manga: Curta<br>Tamanhos: P, M, G e GG</p>",sim,sim,nao,Asa Delta Store,Roupas>Alfaiataria>Camisas e regatas,,,,,Cor:Branco;Tamanho:M,,,,,,,nao,sim,,,,,,,,,,nao,,,,,sim,https://raw.githubusercontent.com/BielPB/vaide13ou22/main/yampi/fotos/ALF-POLO-BRANCO.jpg,Camisa Polo de Tricô Texturizada | Asa Delta Store,"Camisa Polo de Tricô Texturizada. Cores: branco, preto. Tamanhos: P, M, G, GG.",,,
camisa-polo-tricot-texturizada,ALF-POLO-BRANCO-G,Camisa Polo de Tricô Texturizada,"<p>Elegância e conforto numa peça que traduz sofisticação para qualquer ocasião.</p><p>A Camisa Polo de Tricô tem <strong>textura com nervuras verticais</strong>, <strong>gola polo</strong> e <strong>manga curta</strong>. Fica ótima com calça de alfaiataria ou jeans.</p><p><strong>Destaques</strong></p><ul><li><strong>Tricô texturizado</strong>, com nervuras verticais</li><li><strong>Gola polo</strong> e manga curta</li><li><strong>Caimento</strong> que valoriza a silhueta e deixa os movimentos livres</li><li><strong>Versátil</strong>: do casual ao arrumado</li></ul><p><strong>Quando usar:</strong> Para o dia a dia, o trabalho, jantares e passeios.</p><p><strong>Cores disponíveis:</strong> branco e preto.</p><p><strong>Ficha técnica</strong><br>Gola: Polo<br>Manga: Curta<br>Tamanhos: P, M, G e GG</p>",sim,sim,nao,Asa Delta Store,Roupas>Alfaiataria>Camisas e regatas,,,,,Cor:Branco;Tamanho:G,,,,,,,nao,sim,,,,,,,,,,nao,,,,,sim,https://raw.githubusercontent.com/BielPB/vaide13ou22/main/yampi/fotos/ALF-POLO-BRANCO.jpg,Camisa Polo de Tricô Texturizada | Asa Delta Store,"Camisa Polo de Tricô Texturizada. Cores: branco, preto. Tamanhos: P, M, G, GG.",,,
camisa-polo-tricot-texturizada,ALF-POLO-BRANCO-GG,Camisa Polo de Tricô Texturizada,"<p>Elegância e conforto numa peça que traduz sofisticação para qualquer ocasião.</p><p>A Camisa Polo de Tricô tem <strong>textura com nervuras verticais</strong>, <strong>gola polo</strong> e <strong>manga curta</strong>. Fica ótima com calça de alfaiataria ou jeans.</p><p><strong>Destaques</strong></p><ul><li><strong>Tricô texturizado</strong>, com nervuras verticais</li><li><strong>Gola polo</strong> e manga curta</li><li><strong>Caimento</strong> que valoriza a silhueta e deixa os movimentos livres</li><li><strong>Versátil</strong>: do casual ao arrumado</li></ul><p><strong>Quando usar:</strong> Para o dia a dia, o trabalho, jantares e passeios.</p><p><strong>Cores disponíveis:</strong> branco e preto.</p><p><strong>Ficha técnica</strong><br>Gola: Polo<br>Manga: Curta<br>Tamanhos: P, M, G e GG</p>",sim,sim,nao,Asa Delta Store,Roupas>Alfaiataria>Camisas e regatas,,,,,Cor:Branco;Tamanho:GG,,,,,,,nao,sim,,,,,,,,,,nao,,,,,sim,https://raw.githubusercontent.com/BielPB/vaide13ou22/main/yampi/fotos/ALF-POLO-BRANCO.jpg,Camisa Polo de Tricô Texturizada | Asa Delta Store,"Camisa Polo de Tricô Texturizada. Cores: branco, preto. Tamanhos: P, M, G, GG.",,,
camisa-polo-tricot-texturizada,ALF-POLO-PRETO-P,Camisa Polo de Tricô Texturizada,"<p>Elegância e conforto numa peça que traduz sofisticação para qualquer ocasião.</p><p>A Camisa Polo de Tricô tem <strong>textura com nervuras verticais</strong>, <strong>gola polo</strong> e <strong>manga curta</strong>. Fica ótima com calça de alfaiataria ou jeans.</p><p><strong>Destaques</strong></p><ul><li><strong>Tricô texturizado</strong>, com nervuras verticais</li><li><strong>Gola polo</strong> e manga curta</li><li><strong>Caimento</strong> que valoriza a silhueta e deixa os movimentos livres</li><li><strong>Versátil</strong>: do casual ao arrumado</li></ul><p><strong>Quando usar:</strong> Para o dia a dia, o trabalho, jantares e passeios.</p><p><strong>Cores disponíveis:</strong> branco e preto.</p><p><strong>Ficha técnica</strong><br>Gola: Polo<br>Manga: Curta<br>Tamanhos: P, M, G e GG</p>",sim,sim,nao,Asa Delta Store,Roupas>Alfaiataria>Camisas e regatas,,,,,Cor:Preto;Tamanho:P,,,,,,,nao,sim,,,,,,,,,,nao,,,,,sim,https://raw.githubusercontent.com/BielPB/vaide13ou22/main/yampi/fotos/ALF-POLO-PRETO.jpg,Camisa Polo de Tricô Texturizada | Asa Delta Store,"Camisa Polo de Tricô Texturizada. Cores: branco, preto. Tamanhos: P, M, G, GG.",,,
camisa-polo-tricot-texturizada,ALF-POLO-PRETO-M,Camisa Polo de Tricô Texturizada,"<p>Elegância e conforto numa peça que traduz sofisticação para qualquer ocasião.</p><p>A Camisa Polo de Tricô tem <strong>textura com nervuras verticais</strong>, <strong>gola polo</strong> e <strong>manga curta</strong>. Fica ótima com calça de alfaiataria ou jeans.</p><p><strong>Destaques</strong></p><ul><li><strong>Tricô texturizado</strong>, com nervuras verticais</li><li><strong>Gola polo</strong> e manga curta</li><li><strong>Caimento</strong> que valoriza a silhueta e deixa os movimentos livres</li><li><strong>Versátil</strong>: do casual ao arrumado</li></ul><p><strong>Quando usar:</strong> Para o dia a dia, o trabalho, jantares e passeios.</p><p><strong>Cores disponíveis:</strong> branco e preto.</p><p><strong>Ficha técnica</strong><br>Gola: Polo<br>Manga: Curta<br>Tamanhos: P, M, G e GG</p>",sim,sim,nao,Asa Delta Store,Roupas>Alfaiataria>Camisas e regatas,,,,,Cor:Preto;Tamanho:M,,,,,,,nao,sim,,,,,,,,,,nao,,,,,sim,https://raw.githubusercontent.com/BielPB/vaide13ou22/main/yampi/fotos/ALF-POLO-PRETO.jpg,Camisa Polo de Tricô Texturizada | Asa Delta Store,"Camisa Polo de Tricô Texturizada. Cores: branco, preto. Tamanhos: P, M, G, GG.",,,
camisa-polo-tricot-texturizada,ALF-POLO-PRETO-G,Camisa Polo de Tricô Texturizada,"<p>Elegância e conforto numa peça que traduz sofisticação para qualquer ocasião.</p><p>A Camisa Polo de Tricô tem <strong>textura com nervuras verticais</strong>, <strong>gola polo</strong> e <strong>manga curta</strong>. Fica ótima com calça de alfaiataria ou jeans.</p><p><strong>Destaques</strong></p><ul><li><strong>Tricô texturizado</strong>, com nervuras verticais</li><li><strong>Gola polo</strong> e manga curta</li><li><strong>Caimento</strong> que valoriza a silhueta e deixa os movimentos livres</li><li><strong>Versátil</strong>: do casual ao arrumado</li></ul><p><strong>Quando usar:</strong> Para o dia a dia, o trabalho, jantares e passeios.</p><p><strong>Cores disponíveis:</strong> branco e preto.</p><p><strong>Ficha técnica</strong><br>Gola: Polo<br>Manga: Curta<br>Tamanhos: P, M, G e GG</p>",sim,sim,nao,Asa Delta Store,Roupas>Alfaiataria>Camisas e regatas,,,,,Cor:Preto;Tamanho:G,,,,,,,nao,sim,,,,,,,,,,nao,,,,,sim,https://raw.githubusercontent.com/BielPB/vaide13ou22/main/yampi/fotos/ALF-POLO-PRETO.jpg,Camisa Polo de Tricô Texturizada | Asa Delta Store,"Camisa Polo de Tricô Texturizada. Cores: branco, preto. Tamanhos: P, M, G, GG.",,,
camisa-polo-tricot-texturizada,ALF-POLO-PRETO-GG,Camisa Polo de Tricô Texturizada,"<p>Elegância e conforto numa peça que traduz sofisticação para qualquer ocasião.</p><p>A Camisa Polo de Tricô tem <strong>textura com nervuras verticais</strong>, <strong>gola polo</strong> e <strong>manga curta</strong>. Fica ótima com calça de alfaiataria ou jeans.</p><p><strong>Destaques</strong></p><ul><li><strong>Tricô texturizado</strong>, com nervuras verticais</li><li><strong>Gola polo</strong> e manga curta</li><li><strong>Caimento</strong> que valoriza a silhueta e deixa os movimentos livres</li><li><strong>Versátil</strong>: do casual ao arrumado</li></ul><p><strong>Quando usar:</strong> Para o dia a dia, o trabalho, jantares e passeios.</p><p><strong>Cores disponíveis:</strong> branco e preto.</p><p><strong>Ficha técnica</strong><br>Gola: Polo<br>Manga: Curta<br>Tamanhos: P, M, G e GG</p>",sim,sim,nao,Asa Delta Store,Roupas>Alfaiataria>Camisas e regatas,,,,,Cor:Preto;Tamanho:GG,,,,,,,nao,sim,,,,,,,,,,nao,,,,,sim,https://raw.githubusercontent.com/BielPB/vaide13ou22/main/yampi/fotos/ALF-POLO-PRETO.jpg,Camisa Polo de Tricô Texturizada | Asa Delta Store,"Camisa Polo de Tricô Texturizada. Cores: branco, preto. Tamanhos: P, M, G, GG.",,,
sueter-britanico-texturizado,ALF-BRITANICO-BRANCO-P,Suéter Britânico Texturizado,"<p>Clássico para os dias frios.</p><p>O Suéter Britânico tem <strong>tricô trançado</strong> com textura marcante e <strong>gola redonda</strong>. Uma peça que traduz sofisticação para qualquer ocasião.</p><p><strong>Destaques</strong></p><ul><li><strong>Tricô trançado</strong>, com textura marcante</li><li><strong>Gola redonda</strong></li><li><strong>Caimento</strong> que valoriza a silhueta</li><li><strong>Versátil</strong>: do casual ao arrumado</li></ul><p><strong>Quando usar:</strong> Para os dias frios, viagens e passeios.</p><p><strong>Cores disponíveis:</strong> branco.</p><p><strong>Ficha técnica</strong><br>Gola: Redonda<br>Tamanhos: P, M, G e GG</p>",sim,sim,nao,Asa Delta Store,Roupas>Alfaiataria>Suéteres,,,,,Cor:Branco;Tamanho:P,,,,,,,nao,sim,,,,,,,,,,nao,,,,,sim,https://raw.githubusercontent.com/BielPB/vaide13ou22/main/yampi/fotos/ALF-BRITANICO-BRANCO.jpg,Suéter Britânico Texturizado | Asa Delta Store,"Suéter Britânico Texturizado. Cores: branco. Tamanhos: P, M, G, GG.",,,
sueter-britanico-texturizado,ALF-BRITANICO-BRANCO-M,Suéter Britânico Texturizado,"<p>Clássico para os dias frios.</p><p>O Suéter Britânico tem <strong>tricô trançado</strong> com textura marcante e <strong>gola redonda</strong>. Uma peça que traduz sofisticação para qualquer ocasião.</p><p><strong>Destaques</strong></p><ul><li><strong>Tricô trançado</strong>, com textura marcante</li><li><strong>Gola redonda</strong></li><li><strong>Caimento</strong> que valoriza a silhueta</li><li><strong>Versátil</strong>: do casual ao arrumado</li></ul><p><strong>Quando usar:</strong> Para os dias frios, viagens e passeios.</p><p><strong>Cores disponíveis:</strong> branco.</p><p><strong>Ficha técnica</strong><br>Gola: Redonda<br>Tamanhos: P, M, G e GG</p>",sim,sim,nao,Asa Delta Store,Roupas>Alfaiataria>Suéteres,,,,,Cor:Branco;Tamanho:M,,,,,,,nao,sim,,,,,,,,,,nao,,,,,sim,https://raw.githubusercontent.com/BielPB/vaide13ou22/main/yampi/fotos/ALF-BRITANICO-BRANCO.jpg,Suéter Britânico Texturizado | Asa Delta Store,"Suéter Britânico Texturizado. Cores: branco. Tamanhos: P, M, G, GG.",,,
sueter-britanico-texturizado,ALF-BRITANICO-BRANCO-G,Suéter Britânico Texturizado,"<p>Clássico para os dias frios.</p><p>O Suéter Britânico tem <strong>tricô trançado</strong> com textura marcante e <strong>gola redonda</strong>. Uma peça que traduz sofisticação para qualquer ocasião.</p><p><strong>Destaques</strong></p><ul><li><strong>Tricô trançado</strong>, com textura marcante</li><li><strong>Gola redonda</strong></li><li><strong>Caimento</strong> que valoriza a silhueta</li><li><strong>Versátil</strong>: do casual ao arrumado</li></ul><p><strong>Quando usar:</strong> Para os dias frios, viagens e passeios.</p><p><strong>Cores disponíveis:</strong> branco.</p><p><strong>Ficha técnica</strong><br>Gola: Redonda<br>Tamanhos: P, M, G e GG</p>",sim,sim,nao,Asa Delta Store,Roupas>Alfaiataria>Suéteres,,,,,Cor:Branco;Tamanho:G,,,,,,,nao,sim,,,,,,,,,,nao,,,,,sim,https://raw.githubusercontent.com/BielPB/vaide13ou22/main/yampi/fotos/ALF-BRITANICO-BRANCO.jpg,Suéter Britânico Texturizado | Asa Delta Store,"Suéter Britânico Texturizado. Cores: branco. Tamanhos: P, M, G, GG.",,,
sueter-britanico-texturizado,ALF-BRITANICO-BRANCO-GG,Suéter Britânico Texturizado,"<p>Clássico para os dias frios.</p><p>O Suéter Britânico tem <strong>tricô trançado</strong> com textura marcante e <strong>gola redonda</strong>. Uma peça que traduz sofisticação para qualquer ocasião.</p><p><strong>Destaques</strong></p><ul><li><strong>Tricô trançado</strong>, com textura marcante</li><li><strong>Gola redonda</strong></li><li><strong>Caimento</strong> que valoriza a silhueta</li><li><strong>Versátil</strong>: do casual ao arrumado</li></ul><p><strong>Quando usar:</strong> Para os dias frios, viagens e passeios.</p><p><strong>Cores disponíveis:</strong> branco.</p><p><strong>Ficha técnica</strong><br>Gola: Redonda<br>Tamanhos: P, M, G e GG</p>",sim,sim,nao,Asa Delta Store,Roupas>Alfaiataria>Suéteres,,,,,Cor:Branco;Tamanho:GG,,,,,,,nao,sim,,,,,,,,,,nao,,,,,sim,https://raw.githubusercontent.com/BielPB/vaide13ou22/main/yampi/fotos/ALF-BRITANICO-BRANCO.jpg,Suéter Britânico Texturizado | Asa Delta Store,"Suéter Britânico Texturizado. Cores: branco. Tamanhos: P, M, G, GG.",,,
regata-canelada,ALF-REGATA-PRETO-P,Regata Canelada,"<p>Leve, fresca e fácil de usar.</p><p>A Regata Canelada é de <strong>algodão canelado</strong>, com <strong>ajuste ao corpo</strong> sem perder o conforto. Vai bem na academia, no lazer ou num look casual.</p><p><strong>Destaques</strong></p><ul><li><strong>Algodão canelado</strong>, macio e respirável</li><li><strong>Ajuste ao corpo</strong>, sem apertar</li><li><strong>Costuras reforçadas</strong></li><li><strong>Leve e fresca</strong> para os dias quentes</li></ul><p><strong>Quando usar:</strong> Para academia, lazer, praia e looks casuais.</p><p><strong>Cores disponíveis:</strong> preto e branco.</p><p><strong>Ficha técnica</strong><br>Material: Algodão canelado<br>Tamanhos: P, M, G e GG</p>",sim,sim,nao,Asa Delta Store,Roupas>Alfaiataria>Camisas e regatas,,,,,Cor:Preto;Tamanho:P,,,,,,,nao,sim,,,,,,,,,,nao,,,,,sim,https://raw.githubusercontent.com/BielPB/vaide13ou22/main/yampi/fotos/ALF-REGATA-PRETO.jpg,Regata Canelada | Asa Delta Store,"Regata Canelada. Cores: preto, branco. Tamanhos: P, M, G, GG.",,,
regata-canelada,ALF-REGATA-PRETO-M,Regata Canelada,"<p>Leve, fresca e fácil de usar.</p><p>A Regata Canelada é de <strong>algodão canelado</strong>, com <strong>ajuste ao corpo</strong> sem perder o conforto. Vai bem na academia, no lazer ou num look casual.</p><p><strong>Destaques</strong></p><ul><li><strong>Algodão canelado</strong>, macio e respirável</li><li><strong>Ajuste ao corpo</strong>, sem apertar</li><li><strong>Costuras reforçadas</strong></li><li><strong>Leve e fresca</strong> para os dias quentes</li></ul><p><strong>Quando usar:</strong> Para academia, lazer, praia e looks casuais.</p><p><strong>Cores disponíveis:</strong> preto e branco.</p><p><strong>Ficha técnica</strong><br>Material: Algodão canelado<br>Tamanhos: P, M, G e GG</p>",sim,sim,nao,Asa Delta Store,Roupas>Alfaiataria>Camisas e regatas,,,,,Cor:Preto;Tamanho:M,,,,,,,nao,sim,,,,,,,,,,nao,,,,,sim,https://raw.githubusercontent.com/BielPB/vaide13ou22/main/yampi/fotos/ALF-REGATA-PRETO.jpg,Regata Canelada | Asa Delta Store,"Regata Canelada. Cores: preto, branco. Tamanhos: P, M, G, GG.",,,
regata-canelada,ALF-REGATA-PRETO-G,Regata Canelada,"<p>Leve, fresca e fácil de usar.</p><p>A Regata Canelada é de <strong>algodão canelado</strong>, com <strong>ajuste ao corpo</strong> sem perder o conforto. Vai bem na academia, no lazer ou num look casual.</p><p><strong>Destaques</strong></p><ul><li><strong>Algodão canelado</strong>, macio e respirável</li><li><strong>Ajuste ao corpo</strong>, sem apertar</li><li><strong>Costuras reforçadas</strong></li><li><strong>Leve e fresca</strong> para os dias quentes</li></ul><p><strong>Quando usar:</strong> Para academia, lazer, praia e looks casuais.</p><p><strong>Cores disponíveis:</strong> preto e branco.</p><p><strong>Ficha técnica</strong><br>Material: Algodão canelado<br>Tamanhos: P, M, G e GG</p>",sim,sim,nao,Asa Delta Store,Roupas>Alfaiataria>Camisas e regatas,,,,,Cor:Preto;Tamanho:G,,,,,,,nao,sim,,,,,,,,,,nao,,,,,sim,https://raw.githubusercontent.com/BielPB/vaide13ou22/main/yampi/fotos/ALF-REGATA-PRETO.jpg,Regata Canelada | Asa Delta Store,"Regata Canelada. Cores: preto, branco. Tamanhos: P, M, G, GG.",,,
regata-canelada,ALF-REGATA-PRETO-GG,Regata Canelada,"<p>Leve, fresca e fácil de usar.</p><p>A Regata Canelada é de <strong>algodão canelado</strong>, com <strong>ajuste ao corpo</strong> sem perder o conforto. Vai bem na academia, no lazer ou num look casual.</p><p><strong>Destaques</strong></p><ul><li><strong>Algodão canelado</strong>, macio e respirável</li><li><strong>Ajuste ao corpo</strong>, sem apertar</li><li><strong>Costuras reforçadas</strong></li><li><strong>Leve e fresca</strong> para os dias quentes</li></ul><p><strong>Quando usar:</strong> Para academia, lazer, praia e looks casuais.</p><p><strong>Cores disponíveis:</strong> preto e branco.</p><p><strong>Ficha técnica</strong><br>Material: Algodão canelado<br>Tamanhos: P, M, G e GG</p>",sim,sim,nao,Asa Delta Store,Roupas>Alfaiataria>Camisas e regatas,,,,,Cor:Preto;Tamanho:GG,,,,,,,nao,sim,,,,,,,,,,nao,,,,,sim,https://raw.githubusercontent.com/BielPB/vaide13ou22/main/yampi/fotos/ALF-REGATA-PRETO.jpg,Regata Canelada | Asa Delta Store,"Regata Canelada. Cores: preto, branco. Tamanhos: P, M, G, GG.",,,
regata-canelada,ALF-REGATA-BRANCO-P,Regata Canelada,"<p>Leve, fresca e fácil de usar.</p><p>A Regata Canelada é de <strong>algodão canelado</strong>, com <strong>ajuste ao corpo</strong> sem perder o conforto. Vai bem na academia, no lazer ou num look casual.</p><p><strong>Destaques</strong></p><ul><li><strong>Algodão canelado</strong>, macio e respirável</li><li><strong>Ajuste ao corpo</strong>, sem apertar</li><li><strong>Costuras reforçadas</strong></li><li><strong>Leve e fresca</strong> para os dias quentes</li></ul><p><strong>Quando usar:</strong> Para academia, lazer, praia e looks casuais.</p><p><strong>Cores disponíveis:</strong> preto e branco.</p><p><strong>Ficha técnica</strong><br>Material: Algodão canelado<br>Tamanhos: P, M, G e GG</p>",sim,sim,nao,Asa Delta Store,Roupas>Alfaiataria>Camisas e regatas,,,,,Cor:Branco;Tamanho:P,,,,,,,nao,sim,,,,,,,,,,nao,,,,,sim,https://raw.githubusercontent.com/BielPB/vaide13ou22/main/yampi/fotos/ALF-REGATA-BRANCO.jpg,Regata Canelada | Asa Delta Store,"Regata Canelada. Cores: preto, branco. Tamanhos: P, M, G, GG.",,,
regata-canelada,ALF-REGATA-BRANCO-M,Regata Canelada,"<p>Leve, fresca e fácil de usar.</p><p>A Regata Canelada é de <strong>algodão canelado</strong>, com <strong>ajuste ao corpo</strong> sem perder o conforto. Vai bem na academia, no lazer ou num look casual.</p><p><strong>Destaques</strong></p><ul><li><strong>Algodão canelado</strong>, macio e respirável</li><li><strong>Ajuste ao corpo</strong>, sem apertar</li><li><strong>Costuras reforçadas</strong></li><li><strong>Leve e fresca</strong> para os dias quentes</li></ul><p><strong>Quando usar:</strong> Para academia, lazer, praia e looks casuais.</p><p><strong>Cores disponíveis:</strong> preto e branco.</p><p><strong>Ficha técnica</strong><br>Material: Algodão canelado<br>Tamanhos: P, M, G e GG</p>",sim,sim,nao,Asa Delta Store,Roupas>Alfaiataria>Camisas e regatas,,,,,Cor:Branco;Tamanho:M,,,,,,,nao,sim,,,,,,,,,,nao,,,,,sim,https://raw.githubusercontent.com/BielPB/vaide13ou22/main/yampi/fotos/ALF-REGATA-BRANCO.jpg,Regata Canelada | Asa Delta Store,"Regata Canelada. Cores: preto, branco. Tamanhos: P, M, G, GG.",,,
regata-canelada,ALF-REGATA-BRANCO-G,Regata Canelada,"<p>Leve, fresca e fácil de usar.</p><p>A Regata Canelada é de <strong>algodão canelado</strong>, com <strong>ajuste ao corpo</strong> sem perder o conforto. Vai bem na academia, no lazer ou num look casual.</p><p><strong>Destaques</strong></p><ul><li><strong>Algodão canelado</strong>, macio e respirável</li><li><strong>Ajuste ao corpo</strong>, sem apertar</li><li><strong>Costuras reforçadas</strong></li><li><strong>Leve e fresca</strong> para os dias quentes</li></ul><p><strong>Quando usar:</strong> Para academia, lazer, praia e looks casuais.</p><p><strong>Cores disponíveis:</strong> preto e branco.</p><p><strong>Ficha técnica</strong><br>Material: Algodão canelado<br>Tamanhos: P, M, G e GG</p>",sim,sim,nao,Asa Delta Store,Roupas>Alfaiataria>Camisas e regatas,,,,,Cor:Branco;Tamanho:G,,,,,,,nao,sim,,,,,,,,,,nao,,,,,sim,https://raw.githubusercontent.com/BielPB/vaide13ou22/main/yampi/fotos/ALF-REGATA-BRANCO.jpg,Regata Canelada | Asa Delta Store,"Regata Canelada. Cores: preto, branco. Tamanhos: P, M, G, GG.",,,
regata-canelada,ALF-REGATA-BRANCO-GG,Regata Canelada,"<p>Leve, fresca e fácil de usar.</p><p>A Regata Canelada é de <strong>algodão canelado</strong>, com <strong>ajuste ao corpo</strong> sem perder o conforto. Vai bem na academia, no lazer ou num look casual.</p><p><strong>Destaques</strong></p><ul><li><strong>Algodão canelado</strong>, macio e respirável</li><li><strong>Ajuste ao corpo</strong>, sem apertar</li><li><strong>Costuras reforçadas</strong></li><li><strong>Leve e fresca</strong> para os dias quentes</li></ul><p><strong>Quando usar:</strong> Para academia, lazer, praia e looks casuais.</p><p><strong>Cores disponíveis:</strong> preto e branco.</p><p><strong>Ficha técnica</strong><br>Material: Algodão canelado<br>Tamanhos: P, M, G e GG</p>",sim,sim,nao,Asa Delta Store,Roupas>Alfaiataria>Camisas e regatas,,,,,Cor:Branco;Tamanho:GG,,,,,,,nao,sim,,,,,,,,,,nao,,,,,sim,https://raw.githubusercontent.com/BielPB/vaide13ou22/main/yampi/fotos/ALF-REGATA-BRANCO.jpg,Regata Canelada | Asa Delta Store,"Regata Canelada. Cores: preto, branco. Tamanhos: P, M, G, GG.",,,
